idx;stop_epoch;window_length;n_filters;kernel_size;n_conv_layer;LSTM1_units;LSTM2_units;n_window;val_rmse;val_score;rmse_combined;score_combined;AIC;train_loss;mle_term;params_term;geno_list
0;15;2;3;2;1;180;100;29;13,25525665;867,4105225;13,32450248;874,3351049;692458,2474;218,0063782;85436,24739;607022;"[2; 3; 1; 9; 5]"
0;18;2;5;2;1;240;100;29;13,48494148;931,0736084;13,59401107;941,9805674;1090695,903;218,5243683;85473,90317;1005222;"[2; 5; 1; 12; 5]"
0;14;2;3;2;1;180;180;29;13,52610683;1044,816528;13,62449333;1054,655178;983864,9824;171,6500854;81642,98237;902222;"[2; 3; 1; 9; 9]"
0;18;2;3;2;1;280;140;29;13,6136713;947,8380737;13,75104743;961,5756861;1373761,234;198,378479;83939,23396;1289822;"[2; 3; 1; 14; 7]"
0;15;2;3;2;1;160;160;29;13,61950302;968,9842529;13,7002946;977,0634106;807915,769;183,4024048;82693,76896;725222;"[2; 3; 1; 8; 8]"
0;17;2;6;2;1;180;180;29;13,63218975;1057,662354;13,74268696;1068,712074;1104972,068;168,7229309;81370,06822;1023602;"[2; 6; 1; 9; 9]"
0;19;2;8;2;1;260;200;29;13,63809013;1078,85022;13,82095848;1097,137054;1828683,424;162,3734283;80761,42419;1747922;"[2; 8; 1; 13; 10]"
0;14;2;3;2;1;200;200;29;13,65267944;1057,924438;13,77066057;1069,722551;1179811,287;168,9274139;81389,28652;1098422;"[2; 3; 1; 10; 10]"
0;20;2;6;2;1;220;220;29;13,65305233;1081,070068;13,8072778;1096,492616;1542254,735;156,4595184;80172,73489;1462082;"[2; 6; 1; 11; 11]"
0;19;2;6;2;1;240;100;29;13,65465641;1002,723022;13,76907463;1014,164845;1144182,228;212,9007568;85060,22815;1059122;"[2; 6; 1; 12; 5]"
0;14;2;3;2;1;220;220;29;13,65837383;989,3372192;13,79782132;1003,281968;1394474,855;161,2661896;80652,85512;1313822;"[2; 3; 1; 11; 11]"
0;14;2;3;2;1;220;220;29;13,65837383;989,3372192;13,79782132;1003,281968;1394474,855;161,2661896;80652,85512;1313822;"[2; 3; 1; 11; 11]"
0;14;2;3;2;1;220;220;29;13,65837383;989,3372192;13,79782132;1003,281968;1394474,855;161,2661896;80652,85512;1313822;"[2; 3; 1; 11; 11]"
0;14;2;3;2;1;220;220;29;13,65837383;989,3372192;13,79782132;1003,281968;1394474,855;161,2661896;80652,85512;1313822;"[2; 3; 1; 11; 11]"
0;18;2;8;2;1;220;220;29;13,66295719;1074,598022;13,82714988;1091,017292;1641926,913;164,8843689;81004,91343;1560922;"[2; 8; 1; 11; 11]"
0;18;2;8;2;1;220;220;29;13,66295719;1074,598022;13,82714988;1091,017292;1641926,913;164,8843689;81004,91343;1560922;"[2; 8; 1; 11; 11]"
0;15;2;5;2;1;260;260;29;13,67129421;1076,21582;13,87122004;1096,208403;1999258,231;157,4833984;80276,23117;1918982;"[2; 5; 1; 13; 13]"
0;15;2;3;2;1;220;100;29;13,67258072;960,6849365;13,7605213;969,4789941;879405,7602;214,5647583;85183,7602;794222;"[2; 3; 1; 11; 5]"
0;15;2;3;2;1;400;120;29;13,67687893;946,8928833;13,89060302;968,2652928;2137240,946;204,4676971;84418,94551;2052822;"[2; 3; 1; 20; 6]"
0;15;3;5;3;1;260;160;28;13,68511391;1045,899658;13,84533597;1061,921865;1602220,673;181,1611481;82498,67283;1519722;"[3; 5; 1; 13; 8]"
0;18;2;6;2;1;400;240;29;13,6985445;1086,338623;14,01186284;1117,670457;3133183,426;158,1318054;80341,42631;3052842;"[2; 6; 1; 20; 12]"
0;15;2;4;2;1;340;180;29;13,6991663;1023,421265;13,90568789;1044,073424;2065215,963;174,386795;81893,96299;1983322;"[2; 4; 1; 17; 9]"
0;19;2;5;2;1;200;180;29;13,70165539;1027,638428;13,81931006;1039,403895;1176546,763;167,3957367;81244,76307;1095302;"[2; 5; 1; 10; 9]"
0;18;2;6;2;2;240;100;29;13,71079826;1120,212646;13,82537428;1131,670248;1145760,131;200,6278076;84118,13076;1061642;"[2; 6; 2; 12; 5]"
0;15;2;5;2;1;220;140;29;13,71640491;1036,975464;13,82874904;1048,209876;1123441,208;184,3926392;82779,20832;1040662;"[2; 5; 1; 11; 7]"
0;19;2;8;2;1;200;200;29;13,72412205;1045,785889;13,86451134;1059,824818;1403892,963;162,4710693;80770,96272;1323122;"[2; 8; 1; 10; 10]"
0;19;2;8;2;1;200;200;29;13,72412205;1045,785889;13,86451134;1059,824818;1403892,963;162,4710693;80770,96272;1323122;"[2; 8; 1; 10; 10]"
0;19;2;5;2;1;240;180;29;13,72822857;1051,673706;13,8702998;1065,880829;1420712,278;174,3462982;81890,27786;1338822;"[2; 5; 1; 12; 9]"
0;19;2;5;2;1;320;200;29;13,73007488;1029,223145;13,93971885;1050,187541;2096439,658;170,9448547;81577,65793;2014862;"[2; 5; 1; 16; 10]"
0;19;2;6;2;1;220;100;29;13,74568367;1047,121338;13,84846443;1057,399414;1027807,631;216,4918365;85325,63092;942482;"[2; 6; 1; 11; 5]"
0;15;3;5;3;1;220;160;28;13,74804592;1085,041016;13,88100917;1098,337341;1329632,512;178,1251526;82230,51183;1247402;"[3; 5; 1; 11; 8]"
0;18;2;3;2;1;240;100;29;13,75228977;934,8810425;13,85061148;944,7132136;983217,1157;222,9932709;85795,1157;897422;"[2; 3; 1; 12; 5]"
0;20;2;8;2;1;240;120;29;13,75842762;1013,553101;13,8909103;1026,801368;1324826,752;200,4587097;84104,75172;1240722;"[2; 8; 1; 12; 6]"
0;15;2;3;2;1;260;100;29;13,78955746;939,9194336;13,89882171;950,8458593;1092642,567;220,5536194;85620,56666;1007022;"[2; 3; 1; 13; 5]"
0;20;2;5;2;1;320;120;29;13,79187775;1010,586304;13,96072702;1027,471231;1688492,744;199,5258942;84030,74382;1604462;"[2; 5; 1; 16; 6]"
0;20;2;4;2;1;400;220;29;13,79332256;1030,698486;14,07492611;1058,858841;2816035,453;159,4530792;80473,45257;2735562;"[2; 4; 1; 20; 11]"
0;18;2;6;2;1;160;160;29;13,7996788;1060,140869;13,8912245;1069,295439;915456,937;178,8498688;82294,937;833162;"[2; 6; 1; 8; 8]"
0;19;2;7;2;1;240;100;29;13,81747246;1043,94043;13,93726955;1055,920139;1197970,953;211,4129028;84948,95256;1113022;"[2; 7; 1; 12; 5]"
0;15;2;5;2;1;300;120;29;13,82271194;1018,107422;13,97750171;1033,586398;1547897,652;204,1677551;84395,65248;1463502;"[2; 5; 1; 15; 6]"
0;17;2;3;2;1;320;100;29;13,8307991;929,6295776;13,97682304;944,2319717;1460239,411;226,1393738;86017,41097;1374222;"[2; 3; 1; 16; 5]"
0;19;2;5;2;1;260;200;29;13,84863663;1083,22937;14,01399803;1099,765511;1653614,056;163,0978394;80832,05561;1572782;"[2; 5; 1; 13; 10]"
0;19;2;5;2;1;400;100;29;13,85539436;1006,6875;14,0772479;1028,872854;2218535,397;220,7320404;85633,39738;2132902;"[2; 5; 1; 20; 5]"
0;20;2;4;2;1;300;220;29;13,8632288;1130,450806;14,06221616;1150,349542;1989873,608;161,8644409;80711,60823;1909162;"[2; 4; 1; 15; 11]"
0;14;2;3;2;1;200;100;29;13,87893677;981,8673706;13,95722825;989,6965193;782914,8675;218,7857056;85492,86746;697422;"[2; 3; 1; 10; 5]"
0;15;2;5;2;1;120;100;29;13,88056469;989,4469604;13,93191328;994,5818199;513485,9485;215,108902;85223,94852;428262;"[2; 5; 1; 6; 5]"
0;15;2;7;2;1;300;160;29;13,88482571;1128,905029;14,07143842;1147,566301;1866127,18;174,9506073;81945,18005;1784182;"[2; 7; 1; 15; 8]"
0;15;3;5;3;1;320;180;28;13,88693428;1060,134399;14,10328592;1081,769564;2163516,421;170,2649231;81514,42123;2082002;"[3; 5; 1; 16; 9]"
0;14;2;3;2;1;220;180;29;13,88920212;993,3724365;14,00885207;1005,337432;1196499,538;169,8695984;81477,53806;1115022;"[2; 3; 1; 11; 9]"
0;19;2;5;2;1;180;100;29;13,89735699;1026,519531;13,97469716;1034,253549;773401,7274;218,3292236;85459,72743;687942;"[2; 5; 1; 9; 5]"
0;15;2;5;2;1;220;120;29;13,90300846;1029,770874;14,00772624;1040,242652;1047177,79;193,1543579;83515,7903;963662;"[2; 5; 1; 11; 6]"
0;16;3;5;3;1;220;100;28;13,9054327;1050,605225;14,01559514;1061,621468;1101624,343;215,0871429;85222,34344;1016402;"[3; 5; 1; 11; 5]"
0;15;3;7;3;1;220;220;28;13,91262722;1089,265137;14,08910627;1106,913042;1764790,5;160,8565521;80612,49957;1684178;"[3; 7; 1; 11; 11]"
0;15;2;4;2;1;180;160;29;13,91569519;1145,673218;14,00977244;1155,080943;940772,5412;170,0088654;81490,54123;859282;"[2; 4; 1; 9; 8]"
0;18;2;8;2;2;280;220;29;13,91637611;1212,805298;14,12609756;1233,777442;2097214,45;140,2420502;78436,44956;2018778;"[2; 8; 2; 14; 11]"
0;19;2;4;2;2;260;200;29;13,92160034;1179,246582;14,08122629;1195,209177;1596259,509;160,9884949;80625,50916;1515634;"[2; 4; 2; 13; 10]"
0;19;2;6;2;1;220;180;29;13,9245739;1100,75;14,05900759;1114,193369;1344336,896;165,4045868;81054,89575;1263282;"[2; 6; 1; 11; 9]"
0;15;2;4;2;1;220;220;29;13,93032932;1118,539307;14,07474821;1132,981195;1444188,843;164,2820282;80946,8434;1363242;"[2; 4; 1; 11; 11]"
0;18;2;7;2;1;300;140;29;13,93141365;1106,371338;14,10850212;1124,080184;1770884,659;185,8328705;82902,65884;1687982;"[2; 7; 1; 15; 7]"
0;18;2;8;2;1;260;160;29;13,9319706;1062,036377;14,09508557;1078,347875;1631149,769;175,8636169;82027,76939;1549122;"[2; 8; 1; 13; 8]"
0;19;2;5;2;1;260;140;29;13,93324089;1076,197266;14,06994068;1089,867245;1366997,911;184,8196564;82815,9107;1284182;"[2; 5; 1; 13; 7]"
0;15;2;3;2;1;140;140;29;13,93958092;1023,385742;14,00461849;1029,8895;650375,7704;186,4324493;82953,77037;567422;"[2; 3; 1; 7; 7]"
0;15;2;3;2;1;140;140;29;13,93958092;1023,385742;14,00461849;1029,8895;650375,7704;186,4324493;82953,77037;567422;"[2; 3; 1; 7; 7]"
0;15;2;3;2;1;140;140;29;13,93958092;1023,385742;14,00461849;1029,8895;650375,7704;186,4324493;82953,77037;567422;"[2; 3; 1; 7; 7]"
0;19;2;9;2;1;380;260;29;13,93998337;1175,574097;14,2738563;1208,96139;3338729,307;148,5283203;79347,30723;3259382;"[2; 9; 1; 19; 13]"
0;18;2;7;2;1;200;140;29;13,96101475;1140,384399;14,07115335;1151,39826;1101386,064;187,0243225;83004,06406;1018382;"[2; 7; 1; 10; 7]"
0;18;2;6;2;1;140;140;29;13,96888542;1063,732544;14,04332542;1071,176544;744399,9726;180,9249573;82477,97256;661922;"[2; 6; 1; 7; 7]"
0;15;2;4;2;1;280;120;29;13,97001076;1082,578247;14,10499301;1096,076472;1349822,533;195,9096985;83740,53334;1266082;"[2; 4; 1; 14; 6]"
0;15;2;3;2;1;100;100;29;13,98060799;990,1922607;14,02019352;994,1508138;395855,3043;232,1451263;86433,30429;309422;"[2; 3; 1; 5; 5]"
0;15;2;3;2;1;100;100;29;13,98060799;990,1922607;14,02019352;994,1508138;395855,3043;232,1451263;86433,30429;309422;"[2; 3; 1; 5; 5]"
0;18;2;5;2;1;300;160;29;13,98311043;1043,905151;14,15630485;1061,224594;1731944,231;180,517868;82442,23088;1649502;"[2; 5; 1; 15; 8]"
0;20;2;3;2;1;140;120;29;13,98905659;1055,868896;14,0477413;1061,737368;586847,1517;194,4902496;83625,15169;503222;"[2; 3; 1; 7; 6]"
0;18;2;4;2;2;240;160;29;13,99078846;1317,919922;14,11815617;1330,656693;1273677,144;159,9532318;80523,14431;1193154;"[2; 4; 2; 12; 8]"
0;15;2;5;2;1;280;140;29;13,99501896;1118,508179;14,14483525;1133,489807;1498162,869;182,5617065;82620,86901;1415542;"[2; 5; 1; 14; 7]"
0;19;2;4;2;2;280;120;29;13,9950304;1141,335693;14,13007694;1154,840347;1350465,395;188,7689972;83151,39479;1267314;"[2; 4; 2; 14; 6]"
0;19;2;4;2;1;260;100;29;14,00098133;1085,944702;14,11600759;1097,447328;1150262,623;210,2392578;84860,62254;1065402;"[2; 4; 1; 13; 5]"
0;15;3;5;3;1;240;160;28;14,00717258;1100,881348;14,1534615;1115,510239;1462889,142;181,4864807;82527,14154;1380362;"[3; 5; 1; 12; 8]"
0;17;2;3;2;1;160;100;29;14,01408291;938,2600708;14,07495311;944,3470909;608702,0143;221,3815002;85680,01431;523022;"[2; 3; 1; 8; 5]"
0;15;2;3;2;1;200;160;29;14,01482296;1028,829346;14,11494639;1038,841689;1001234,342;180,1781464;82412,34219;918822;"[2; 3; 1; 10; 8]"
0;19;2;5;2;1;140;140;29;14,0182972;1083,150024;14,08965506;1090,285811;713578,6153;188,8311157;83156,61531;630422;"[2; 5; 1; 7; 7]"
0;15;2;5;2;1;260;100;29;14,0196209;1062,693604;14,14054073;1074,785587;1209198,323;217,7328033;85416,32348;1123782;"[2; 5; 1; 13; 5]"
0;19;4;9;4;1;280;200;27;14,02118969;1181,484985;14,28229484;1207,5955;2611051,47;163,6478119;80885,46977;2530166;"[4; 9; 1; 14; 10]"
0;19;2;6;2;1;300;120;29;14,02767754;1099,119385;14,18914476;1115,266107;1614672,234;197,0203705;83830,23418;1530842;"[2; 6; 1; 15; 6]"
0;15;2;4;2;2;160;160;29;14,0290575;1205,397217;14,11339616;1213,831082;843386,5664;164,3412933;80952,56643;762434;"[2; 4; 2; 8; 8]"
0;15;2;4;2;1;240;160;29;14,0303297;1175,17334;14,15773576;1187,913945;1274060,546;177,0957184;82138,54607;1191922;"[2; 4; 1; 12; 8]"
0;17;2;4;2;2;240;200;29;14,03271961;1223,601318;14,17922943;1238,2523;1465098,149;150,3824005;79544,14906;1385554;"[2; 4; 2; 12; 10]"
0;14;2;2;2;1;240;180;29;14,04050255;1111,593994;14,16656715;1124,200454;1260646,013;193,2544861;83524,01337;1177122;"[2; 2; 1; 12; 9]"
0;20;2;4;2;1;260;220;29;14,04551029;1135,81543;14,21591272;1152,855672;1704024,263;160,9555664;80622,2634;1623402;"[2; 4; 1; 13; 11]"
0;15;4;3;4;1;280;140;27;14,06022453;1079,54187;14,21646079;1095,165496;1562362,584;201,8256683;84212,58398;1478150;"[4; 3; 1; 14; 7]"
0;15;3;3;3;1;340;180;28;14,060812;1074,966064;14,27123486;1096,008351;2104228,614;185,5982513;82882,61365;2021346;"[3; 3; 1; 17; 9]"
0;15;4;4;4;1;240;140;27;14,07180119;1002,184387;14,21216552;1016,22082;1403643,296;187,6528168;83057,29564;1320586;"[4; 4; 1; 12; 7]"
0;18;2;5;2;1;220;180;29;14,0967989;1167,237549;14,22632046;1180,189705;1295215,627;168,5481873;81353,6265;1213862;"[2; 5; 1; 11; 9]"
0;19;2;4;2;2;260;100;29;14,09771919;1190,408325;14,21281624;1201,91803;1150970,477;203,4077301;84336,47654;1066634;"[2; 4; 2; 13; 5]"
0;19;2;8;2;1;280;280;29;14,09887409;1190,023682;14,34575805;1214,712078;2468839,604;148,2505341;79317,60406;2389522;"[2; 8; 1; 14; 14]"
0;14;3;3;3;1;260;120;28;14,0997839;1048,544312;14,22550834;1061,116756;1257244,446;222,7591248;85778,44637;1171466;"[3; 3; 1; 13; 6]"
0;15;3;5;3;1;320;140;28;14,10059261;1106,810791;14,29659156;1126,410685;1959989,434;189,1982422;83187,43407;1876802;"[3; 5; 1; 16; 7]"
0;15;3;5;3;1;200;200;28;14,10263538;1098,831299;14,24076366;1112,644126;1381282,765;163,1873932;80840,76548;1300442;"[3; 5; 1; 10; 10]"
0;15;3;5;3;1;180;160;28;14,1064415;1142,279541;14,21474739;1153,11013;1083058,898;179,7761078;82376,89797;1000682;"[3; 5; 1; 9; 8]"
0;19;2;10;2;1;240;100;29;14,10776615;1118,182983;14,24370188;1131,776556;1359357,264;207,2743378;84635,26376;1274722;"[2; 10; 1; 12; 5]"
0;15;3;4;3;1;280;120;28;14,12628746;1137,910889;14,27388503;1152,670646;1475975,696;203,4746552;84341,69623;1391634;"[3; 4; 1; 14; 6]"
0;19;2;4;2;1;400;140;29;14,1264677;1165,012329;14,35960838;1188,326397;2331406,778;187,504837;83044,77826;2248362;"[2; 4; 1; 20; 7]"
0;19;2;8;2;1;240;240;29;14,12911224;1149,585205;14,31887599;1168,56158;1897637,459;152,0148163;79715,45879;1817922;"[2; 8; 1; 12; 12]"
0;19;2;8;2;1;240;240;29;14,12911224;1149,585205;14,31887599;1168,56158;1897637,459;152,0148163;79715,45879;1817922;"[2; 8; 1; 12; 12]"
0;15;2;4;2;1;220;100;29;14,15072918;1056,910522;14,24360587;1066,198192;928766,9212;213,7705688;85124,92116;843642;"[2; 4; 1; 11; 5]"
0;15;3;2;3;2;240;200;28;14,16139412;1077,801392;14,30267526;1091,929506;1412811,396;175,2178192;81969,39612;1330842;"[3; 2; 2; 12; 10]"
0;15;2;2;2;1;240;140;29;14,16186428;1032,081543;14,27005303;1042,900417;1081887,444;203,7794189;84365,444;997522;"[2; 2; 1; 12; 7]"
0;15;2;4;2;1;400;200;29;14,16567516;1214,317627;14,43423455;1241,173566;2685593,871;169,3813934;81431,87067;2604162;"[2; 4; 1; 20; 10]"
0;17;2;4;2;2;220;200;29;14,18273258;1307,509766;14,31691783;1320,928291;1341852,491;154,5558167;79978,49101;1261874;"[2; 4; 2; 11; 10]"
0;15;3;8;3;1;240;200;28;14,18534756;1180,776978;14,37494981;1199,737203;1896022,514;163,1436768;80836,51428;1815186;"[3; 8; 1; 12; 10]"
0;18;2;4;2;2;220;160;29;14,19978714;1313,734619;14,31543428;1325,299333;1156471,352;160,703064;80597,35216;1075874;"[2; 4; 2; 11; 8]"
0;15;4;7;4;1;240;220;27;14,20071983;1179,348999;14,41162484;1200,4395;2109050,1;159,8822327;80516,09979;2028534;"[4; 7; 1; 12; 11]"
0;19;2;4;2;1;400;160;29;14,20402813;1137,880249;14,44832749;1162,310185;2442993,645;180,3974762;82431,64525;2360562;"[2; 4; 1; 20; 8]"
0;19;2;8;2;1;220;180;29;14,20407486;1095,153809;14,34840605;1109,586927;1443311,888;166,8178101;81189,88815;1362122;"[2; 8; 1; 11; 9]"
0;20;2;7;2;2;240;180;29;14,21245289;1336,659546;14,36540135;1351,954392;1529484,62;150,2542267;79530,61955;1449954;"[2; 7; 2; 12; 9]"
0;20;2;8;2;1;220;140;29;14,21583271;1135,305176;14,34299756;1148,021661;1271648,491;183,7810211;82726,49106;1188922;"[2; 8; 1; 11; 7]"
0;15;3;6;3;2;160;160;28;14,22259903;1281,842896;14,32514106;1292,097098;1025420,263;165,2729492;81042,26294;944378;"[3; 6; 2; 8; 8]"
0;19;2;4;2;2;180;140;29;14,22841263;1232,811279;14,31489918;1241,459934;864865,4918;168,5255127;81351,49179;783514;"[2; 4; 2; 9; 7]"
0;19;1;5;1;1;340;200;30;14,22907257;1267,860718;14,43549809;1288,503269;2064255,162;152,5686493;79773,16172;1984482;"[1; 5; 1; 17; 10]"
0;15;2;2;2;1;300;120;29;14,22953987;1093,550293;14,36429969;1107,026275;1347598,232;227,5521851;86116,23206;1261482;"[2; 2; 1; 15; 6]"
0;19;2;4;2;1;280;140;29;14,23830509;1260,438721;14,38180537;1274,788748;1435002,776;179,1413574;82320,77591;1352682;"[2; 4; 1; 14; 7]"
0;15;2;2;2;1;140;140;29;14,24202061;1087,511719;14,30404368;1093,714026;620230,7665;203,0528107;84308,76655;535922;"[2; 2; 1; 7; 7]"
0;18;2;4;2;2;180;120;29;14,25347042;1251,030884;14,33305188;1258,989029;795814,5429;185,8080902;82900,54288;712914;"[2; 4; 2; 9; 6]"
0;18;2;4;2;2;180;120;29;14,25347042;1251,030884;14,33305188;1258,989029;795814,5429;185,8080902;82900,54288;712914;"[2; 4; 2; 9; 6]"
0;15;4;2;4;2;260;160;27;14,25479412;1132,769897;14,39466742;1146,757228;1398733,029;183,2783051;82683,02887;1316050;"[4; 2; 2; 13; 8]"
0;14;3;4;3;1;340;180;28;14,25687599;1124,267944;14,47869748;1146,450093;2218214,88;180,7301636;82460,88008;2135754;"[3; 4; 1; 17; 9]"
0;15;3;3;3;1;360;120;28;14,26000595;1064,321045;14,45508125;1083,828575;1950753,018;221,4792328;85687,01751;1865066;"[3; 3; 1; 18; 6]"
0;19;1;9;1;1;380;160;30;14,26007652;1264,329834;14,49166412;1287,488594;2315875,968;162,6247864;80785,9677;2235090;"[1; 9; 1; 19; 8]"
0;15;3;8;3;1;260;260;28;14,26144981;1359,872925;14,50207476;1383,935419;2406249,421;144,7953186;78943,42068;2327306;"[3; 8; 1; 13; 13]"
0;15;2;4;2;1;220;120;29;14,27265739;1159,916992;14,372439;1169,895153;997816,0718;193,8651428;83574,07179;914242;"[2; 4; 1; 11; 6]"
0;15;3;3;3;1;240;120;28;14,27409744;1102,202026;14,38781828;1113,57411;1137208,329;215,6298523;85262,32874;1051946;"[3; 3; 1; 12; 6]"
0;14;3;2;3;2;300;140;28;14,27454376;1078,30249;14,42485672;1093,333786;1503129,581;200,2418976;84087,581;1419042;"[3; 2; 2; 15; 7]"
0;18;2;4;2;2;200;160;29;14,27465248;1309,449097;14,37923763;1319,907611;1045851,473;163,359314;80857,47284;964994;"[2; 4; 2; 10; 8]"
0;15;4;4;4;1;280;120;27;14,2806263;1089,159424;14,44075544;1105,172338;1601291,451;200,4675446;84105,45101;1517186;"[4; 4; 1; 14; 6]"
0;19;2;7;2;1;140;140;29;14,2807579;1201,167969;14,35833987;1208,926165;775819,6592;180,0114899;82397,65915;693422;"[2; 7; 1; 7; 7]"
0;20;2;10;2;1;240;120;29;14,28283501;1145,951416;14,42605194;1160,273109;1432169,336;194,7623596;83647,33559;1348522;"[2; 10; 1; 12; 6]"
0;20;2;7;2;1;180;180;29;14,28662682;1209,348999;14,4012127;1220,807588;1145858,867;173,3229218;81796,86746;1064062;"[2; 7; 1; 9; 9]"
0;19;2;4;2;1;240;140;29;14,2888279;1223,294067;14,40764355;1235,175633;1188156,529;185,0366516;82834,52908;1105322;"[2; 4; 1; 12; 7]"
0;19;2;4;2;2;240;100;29;14,28934765;1314,175171;14,39301355;1324,541761;1036658,968;200,461441;84104,96791;952554;"[2; 4; 2; 12; 5]"
0;15;4;2;4;2;240;160;27;14,29035378;1195,076172;14,41781864;1207,822659;1274648,672;178,666626;82278,67194;1192370;"[4; 2; 2; 12; 8]"
0;15;3;4;3;1;360;120;28;14,29329586;1101,623047;14,50033066;1122,326527;2070348,02;201,0821228;84154,02045;1986194;"[3; 4; 1; 18; 6]"
0;18;5;9;5;2;100;100;26;14,29556942;1120,762939;14,38011161;1129,217158;845421,886;218,9928894;85507,88595;759914;"[5; 9; 2; 5; 5]"
0;16;2;2;2;1;240;160;29;14,30190182;1087,89856;14,41877094;1099,585472;1168691,242;206,4136658;84569,24153;1084122;"[2; 2; 1; 12; 8]"
0;20;2;7;2;2;120;120;29;14,30346775;1354,643188;14,36570228;1360,866641;622345,302;176,7919006;82111,30196;540234;"[2; 7; 2; 6; 6]"
0;17;2;8;2;2;240;240;29;14,31522465;1444,097412;14,50516964;1463,091911;1899449,878;130,3175354;77271,87829;1822178;"[2; 8; 2; 12; 12]"
0;15;2;7;2;1;220;160;29;14,32302761;1112,165771;14,45353855;1125,216866;1305109,425;177,8661652;82207,42501;1222902;"[2; 7; 1; 11; 8]"
0;19;3;8;3;2;160;160;28;14,33009148;1246,193481;14,44362594;1257,546928;1135344,633;160,635025;80590,63292;1054754;"[3; 8; 2; 8; 8]"
0;19;2;4;2;2;220;100;29;14,3306179;1157,049561;14,42354359;1166,342129;929256,8058;204,0025177;84382,80577;844874;"[2; 4; 2; 11; 5]"
0;15;4;4;4;2;260;180;27;14,33600712;1260,442749;14,50880979;1277,723016;1728026,729;163,9291992;80912,72916;1647114;"[4; 4; 2; 13; 9]"
0;15;4;4;4;1;280;140;27;14,3437252;1140,923706;14,51246699;1157,797884;1687417,824;194,572052;83631,82393;1603786;"[4; 4; 1; 14; 7]"
0;13;2;2;2;1;200;160;29;14,3450489;1208,95874;14,44083218;1218,537067;957832,7264;198,5222168;83950,72644;873882;"[2; 2; 1; 10; 8]"
0;15;2;4;2;1;280;160;29;14,35180378;1260,784424;14,50455885;1276,059931;1527550,707;174,109436;81868,70673;1445682;"[2; 4; 1; 14; 8]"
0;19;2;4;2;2;280;100;29;14,36194706;1277,049072;14,48908555;1289,762922;1271384,927;202,5691528;84270,92736;1187114;"[2; 4; 2; 14; 5]"
0;20;2;5;2;1;120;120;29;14,36306763;1103,468018;14,4197511;1109,136365;566834,7122;198,7974854;83972,7122;482862;"[2; 5; 1; 6; 6]"
0;20;2;5;2;1;120;120;29;14,36306763;1103,468018;14,4197511;1109,136365;566834,7122;198,7974854;83972,7122;482862;"[2; 5; 1; 6; 6]"
0;20;2;4;2;2;180;180;29;14,36575699;1282,727783;14,46817727;1292,969812;1024202,859;157,6087799;80288,85876;943914;"[2; 4; 2; 9; 9]"
0;20;2;4;2;2;180;180;29;14,36575699;1282,727783;14,46817727;1292,969812;1024202,859;157,6087799;80288,85876;943914;"[2; 4; 2; 9; 9]"
0;20;2;4;2;2;180;180;29;14,36575699;1282,727783;14,46817727;1292,969812;1024202,859;157,6087799;80288,85876;943914;"[2; 4; 2; 9; 9]"
0;18;3;8;3;1;220;220;28;14,36825466;1184,852783;14,55215304;1203,242621;1838983,813;161,9277496;80717,81295;1758266;"[3; 8; 1; 11; 11]"
0;13;4;1;4;1;240;200;27;14,37208462;1231,748047;14,5082137;1245,360955;1361290,821;210,13591;84852,82084;1276438;"[4; 1; 1; 12; 10]"
0;15;3;4;3;1;180;120;28;14,37488079;1112,051147;14,46257874;1120,820943;876979,5374;206,1055298;84545,53744;792434;"[3; 4; 1; 9; 6]"
0;17;4;4;4;2;240;120;27;14,37729454;1389,489258;14,50984527;1402,744331;1325507,325;186,8977814;82993,32477;1242514;"[4; 4; 2; 12; 6]"
0;15;4;2;4;2;280;160;27;14,38086128;1241,636719;14,53372284;1256,922874;1528615,564;181,0115356;82485,56361;1446130;"[4; 2; 2; 14; 8]"
0;15;5;3;5;2;280;100;26;14,38283348;1254,184448;14,53199027;1269,100127;1491567,854;206,0576935;84541,85435;1407026;"[5; 3; 2; 14; 5]"
0;20;4;5;4;2;340;200;27;14,38309765;1364,002075;14,64700399;1390,392709;2639063,382;152,263382;79741,38239;2559322;"[4; 5; 2; 17; 10]"
0;17;2;4;2;2;140;140;29;14,38507271;1195,518555;14,45324884;1202,336168;681761,3118;171,2646332;81607,31184;600154;"[2; 4; 2; 7; 7]"
0;17;2;4;2;2;140;140;29;14,38507271;1195,518555;14,45324884;1202,336168;681761,3118;171,2646332;81607,31184;600154;"[2; 4; 2; 7; 7]"
0;15;3;4;3;1;180;100;28;14,39298534;1110,68689;14,47433339;1118,821694;813480,469;215,4144287;85246,46899;728234;"[3; 4; 1; 9; 5]"
0;17;4;2;4;2;340;180;27;14,39455223;1249,364014;14,60113795;1270,022586;2065857,206;176,5236206;82087,20565;1983770;"[4; 2; 2; 17; 9]"
0;20;2;6;2;2;280;220;29;14,39651489;1235,207397;14,59351522;1254,90743;1970003,255;142,4225616;78681,25461;1891322;"[2; 6; 2; 14; 11]"
0;17;4;9;4;1;260;120;27;14,40317249;1118,293457;14,60745224;1138,721432;2042797,473;197,0357513;83831,47283;1958966;"[4; 9; 1; 13; 6]"
0;19;2;4;2;1;240;100;29;14,40418243;1142,312744;14,5077969;1152,674191;1036144,66;209,7368469;84822,65963;951322;"[2; 4; 1; 12; 5]"
0;19;2;4;2;2;260;160;29;14,41318607;1300,04126;14,55300352;1314,023005;1398174,515;168,4089661;81340,51491;1316834;"[2; 4; 2; 13; 8]"
0;15;3;2;3;2;240;120;28;14,41458416;1105,865479;14,52023087;1116,43015;1056467,102;209,7691345;84825,10206;971642;"[3; 2; 2; 12; 6]"
0;20;2;10;2;1;260;140;29;14,41696644;1266,09436;14,58284427;1282,682144;1658778,361;183,432373;82696,36144;1576082;"[2; 10; 1; 13; 7]"
0;16;5;5;5;1;180;180;26;14,42443562;1149,354492;14,56119678;1163,030609;1367611,638;171,7221069;81649,6385;1285962;"[5; 5; 1; 9; 9]"
0;16;5;5;5;1;180;180;26;14,42443562;1149,354492;14,56119678;1163,030609;1367611,638;171,7221069;81649,6385;1285962;"[5; 5; 1; 9; 9]"
0;19;4;9;4;1;260;140;27;14,42748451;1293,579834;14,64001191;1314,832574;2125274,02;185,8956757;82908,02044;2042366;"[4; 9; 1; 13; 7]"
0;17;4;7;4;1;240;240;27;14,42887306;1207,561646;14,65094219;1229,768558;2220691,251;154,3490601;79957,25076;2140734;"[4; 7; 1; 12; 12]"
0;15;2;2;2;1;240;200;29;14,4301157;1122,669067;14,56607479;1136,264977;1359590,917;187,7903137;83068,91745;1276522;"[2; 2; 1; 12; 10]"
0;15;4;5;4;1;240;180;27;14,43480396;1162,285034;14,60376248;1179,180886;1689585,183;172,0855255;81683,18263;1607902;"[4; 5; 1; 12; 9]"
0;13;2;2;2;1;140;100;29;14,43721294;1140,750244;14,48726103;1145,755053;500480,8372;233,9890442;86558,83723;413922;"[2; 2; 1; 7; 5]"
0;17;2;5;2;1;220;100;29;14,43777466;1218,189697;14,53555259;1227,96749;977779,3138;208,3489532;84717,31384;893062;"[2; 5; 1; 11; 5]"
0;19;2;4;2;2;280;140;29;14,44075966;1310,260498;14,58423055;1324,607587;1434708,934;162,7167053;80794,93353;1353914;"[2; 4; 2; 14; 7]"
0;15;5;3;5;2;200;160;26;14,4423914;1172,122803;14,56278302;1184,161966;1203916,278;172,5970612;81730,27838;1122186;"[5; 3; 2; 10; 8]"
0;13;2;2;2;1;220;220;29;14,44502258;1161,48584;14,57968888;1174,952469;1346662,935;178,4670105;82260,9346;1264402;"[2; 2; 1; 11; 11]"
0;17;4;6;4;2;240;100;27;14,44540215;1144,910278;14,59246789;1159,616853;1470657,467;200,4424744;84103,46658;1386554;"[4; 6; 2; 12; 5]"
0;15;3;3;3;2;320;200;28;14,44641781;1220,286499;14,65247173;1240,891891;2060539,198;161,799057;80705,19758;1979834;"[3; 3; 2; 16; 10]"
0;14;3;4;3;1;220;100;28;14,44751644;1084,883301;14,55029512;1095,161168;1027786,741;218,5083618;85472,7409;942314;"[3; 4; 1; 11; 5]"
0;15;3;3;3;2;300;160;28;14,44935989;1358,63501;14,61915749;1375,61477;1697976,007;167,5777588;81262,00709;1616714;"[3; 3; 2; 15; 8]"
0;20;4;9;4;2;360;200;27;14,45410442;1369,80188;14,80204585;1404,596023;3479414,302;141,8764954;78620,30158;3400794;"[4; 9; 2; 18; 10]"
0;20;2;4;2;1;200;200;29;14,46347046;1229,868164;14,58574779;1242,095897;1222773,315;149,1286926;79411,31459;1143362;"[2; 4; 1; 10; 10]"
0;19;2;4;2;2;200;120;29;14,46866417;1350,198364;14,55801314;1359,133261;893489,7123;181,1273499;82495,71234;810994;"[2; 4; 2; 10; 6]"
0;15;4;4;4;1;200;160;27;14,47135544;1220,594849;14,59395218;1232,854523;1225967,461;184,4188232;82781,4613;1143186;"[4; 4; 1; 10; 8]"
0;15;3;5;3;1;240;180;28;14,47424412;1264,598877;14,62973384;1280,147849;1554897,194;170,4879761;81535,19395;1473362;"[3; 5; 1; 12; 9]"
0;20;2;4;2;1;220;180;29;14,47659969;1225,374023;14,60112325;1237,826379;1245235,536;162,7023773;80793,5363;1164442;"[2; 4; 1; 11; 9]"
0;15;3;3;3;1;260;180;28;14,47799301;1173,000732;14,6303747;1188,238901;1523816,891;186,3986206;82950,89099;1440866;"[3; 3; 1; 13; 9]"
0;17;2;5;2;2;200;200;29;14,49088287;1413,307739;14,61783101;1426,002553;1269481,365;148,6412354;79359,36514;1190122;"[2; 5; 2; 10; 10]"
0;14;3;4;3;1;220;140;28;14,49590397;1118,655762;14,61325331;1130,390696;1173493,426;193,9305725;83579,42601;1089914;"[3; 4; 1; 11; 7]"
0;14;4;2;4;1;320;220;27;14,50193787;1140,091431;14,71630386;1161,52803;2143659,961;177,6257172;82185,96073;2061474;"[4; 2; 1; 16; 11]"
0;20;2;7;2;2;220;220;29;14,50205994;1308,527222;14,6613405;1324,455278;1592805,645;136,1934204;77971,64523;1514834;"[2; 7; 2; 11; 11]"
0;14;2;2;2;1;220;100;29;14,50657368;1130,30835;14,58971317;1138,622299;831394,9016;234,4919281;86592,90163;744802;"[2; 2; 1; 11; 5]"
0;18;2;6;2;2;220;100;29;14,51083183;1234,161865;14,6137167;1244,450352;1028848,701;197,2249451;83846,70101;945002;"[2; 6; 2; 11; 5]"
0;15;4;3;4;1;180;160;27;14,52501488;1160,799927;14,62730764;1171,029203;1022927,591;186,7125397;82977,59057;939950;"[4; 3; 1; 9; 8]"
0;13;3;2;3;1;260;200;28;14,52925873;1160,246338;14,68297913;1175,618378;1537203,972;167,6196442;81265,97248;1455938;"[3; 2; 1; 13; 10]"
0;19;1;3;1;1;280;140;30;14,53493881;1367,729736;14,66276102;1380,511957;1278222,084;181,9095154;82564,08357;1195658;"[1; 3; 1; 14; 7]"
0;18;2;8;2;1;160;160;29;14,53512001;1189,479004;14,63378805;1199,345807;986680,3574;170,7370453;81558,35744;905122;"[2; 8; 1; 8; 8]"
0;16;3;5;3;1;120;80;28;14,53772449;1153,20752;14,59115838;1158,550908;534338,854;239,6305542;86936,85399;447402;"[3; 5; 1; 6; 4]"
0;15;4;3;4;1;240;160;27;14,5542984;1152,758789;14,69259014;1166,587963;1382917,367;192,3232117;83447,36703;1299470;"[4; 3; 1; 12; 8]"
0;15;2;4;2;1;280;100;29;14,55712128;1151,907959;14,68420707;1164,616539;1270857,963;211,7731018;84975,96328;1185882;"[2; 4; 1; 14; 5]"
0;15;3;2;3;1;280;180;28;14,55765152;1154,256592;14,71408699;1169,900139;1564354,734;177,9705505;82216,73424;1482138;"[3; 2; 1; 14; 9]"
0;20;2;4;2;1;240;220;29;14,56216145;1580,2229;14,71918105;1595,924861;1570196,013;155,4890747;80074,01298;1490122;"[2; 4; 1; 12; 11]"
0;15;2;2;2;1;240;120;29;14,56336784;1208,766479;14,66368011;1218,797707;1003122,704;223,0718231;85800,70407;917322;"[2; 2; 1; 12; 6]"
0;15;4;5;4;1;180;180;27;14,57989311;1193,94458;14,70662959;1206,618227;1267364,732;179,3894196;82342,73219;1185022;"[4; 5; 1; 9; 9]"
0;15;4;1;4;1;280;160;27;14,58070946;1189,396729;14,72138621;1203,464404;1406767,565;238,9174347;86889,56479;1319878;"[4; 1; 1; 14; 8]"
0;18;2;5;2;2;140;140;29;14,58115864;1289,203369;14,65254044;1296,34155;713818,0461;170,9274902;81576,04608;632242;"[2; 5; 2; 7; 7]"
0;20;3;8;3;2;380;180;28;14,5889492;1307,629395;14,89641339;1338,375813;3074641,818;148,7204437;79367,81815;2995274;"[3; 8; 2; 19; 9]"
0;18;4;7;4;1;200;200;27;14,59368134;1179,47998;14,76103226;1196,215073;1673509,281;168,3534241;81335,28104;1592174;"[4; 7; 1; 10; 10]"
0;18;4;7;4;1;200;200;27;14,59368134;1179,47998;14,76103226;1196,215073;1673509,281;168,3534241;81335,28104;1592174;"[4; 7; 1; 10; 10]"
0;15;2;2;2;1;380;120;29;14,59660435;1096,72522;14,78618352;1115,683137;1895791,7;223,4798431;85829,69984;1809962;"[2; 2; 1; 19; 6]"
0;15;3;4;3;1;260;140;28;14,60103226;1201,14624;14,74363461;1215,406476;1426023,547;194,5441284;83629,54665;1342394;"[3; 4; 1; 13; 7]"
0;20;4;5;4;2;220;220;27;14,60568905;1377,941772;14,77986468;1395,359336;1741756,352;147,1034088;79194,35175;1662562;"[4; 5; 2; 11; 11]"
0;16;4;1;4;1;260;200;27;14,60622025;1110,226074;14,7544079;1125,04484;1481876,546;203,1779938;84318,54562;1397558;"[4; 1; 1; 13; 10]"
0;19;2;8;2;2;240;100;29;14,60797787;1377,504028;14,73344489;1390,05073;1254670,181;192,8671722;83492,18137;1171178;"[2; 8; 2; 12; 5]"
0;17;3;8;3;1;100;100;28;14,61983109;1092,855225;14,67960722;1098,832838;597761,3127;223,277298;85815,31268;511946;"[3; 8; 1; 5; 5]"
0;15;2;2;2;1;300;100;29;14,61995316;1156,845581;14,74640289;1169,490554;1264497,297;231,8818207;86415,29727;1178082;"[2; 2; 1; 15; 5]"
0;17;4;7;4;1;180;180;27;14,62168026;1249,203491;14,7644938;1263,484845;1428135,403;169,4831848;81441,40323;1346694;"[4; 7; 1; 9; 9]"
0;20;2;8;2;1;180;180;29;14,62189674;1210,526123;14,74046781;1222,383229;1185710,643;166,804718;81188,64284;1104522;"[2; 8; 1; 9; 9]"
0;20;4;5;4;2;280;220;27;14,62968159;1459,882813;14,8519072;1482,105374;2222256,167;147,2872314;79214,16701;2143042;"[4; 5; 2; 14; 11]"
0;20;2;9;2;2;320;180;29;14,63246918;1335,9198;14,85979882;1358,652764;2273296,439;136,9749756;78062,43882;2195234;"[2; 9; 2; 16; 9]"
0;18;3;3;3;2;240;160;28;14,633255;1261,946899;14,76338362;1274,959761;1301286,148;170,455246;81532,14753;1219754;"[3; 3; 2; 12; 8]"
0;17;3;8;3;2;240;100;28;14,63351727;1426,669312;14,78070509;1441,388094;1471878,257;194,7245789;83644,25735;1388234;"[3; 8; 2; 12; 5]"
0;18;3;3;3;2;280;160;28;14,63403416;1288,410645;14,78998285;1304,005514;1559486,901;170,0341492;81492,9008;1477994;"[3; 3; 2; 14; 8]"
0;15;3;4;3;1;280;100;28;14,63634109;1158,558594;14,77603809;1172,528293;1396969,957;219,380661;85535,95687;1311434;"[3; 4; 1; 14; 5]"
0;15;3;3;3;1;240;100;28;14,63771248;1164,413696;14,74415154;1175,057602;1064390,617;229,4008484;86244,61682;978146;"[3; 3; 1; 12; 5]"
0;17;4;4;4;2;280;100;27;14,64465714;1283,748657;14,79707383;1298,990327;1524166,94;212,8029938;85052,94043;1439114;"[4; 4; 2; 14; 5]"
0;16;4;4;4;1;180;180;27;14,6459589;1215,986206;14,76463305;1227,853621;1186741,47;181,810791;82555,47003;1104186;"[4; 4; 1; 9; 9]"
0;16;4;4;4;1;180;180;27;14,6459589;1215,986206;14,76463305;1227,853621;1186741,47;181,810791;82555,47003;1104186;"[4; 4; 1; 9; 9]"
0;20;2;2;2;1;340;120;29;14,65599537;1145,351807;14,81686967;1161,439237;1608743,028;223,3577423;85821,02835;1522922;"[2; 2; 1; 17; 6]"
0;19;3;6;3;2;240;100;28;14,66210938;1267,440186;14,79295594;1280,524842;1308465,601;203,8071289;84367,60145;1224098;"[3; 6; 2; 12; 5]"
0;15;4;5;4;1;220;220;27;14,66907597;1231,828125;14,84312176;1249,232704;1740457,94;166,04216;81115,93957;1659342;"[4; 5; 1; 11; 11]"
0;20;2;5;2;2;180;180;29;14,66951466;1367,264404;14,77588355;1377,901293;1063688,911;142,832962;78726,91071;984962;"[2; 5; 2; 9; 9]"
0;20;2;4;2;1;180;180;29;14,68963146;1321,021362;14,79195442;1331,253658;1023229,601;160,1999664;80547,60097;942682;"[2; 4; 1; 9; 9]"
0;20;2;4;2;1;180;180;29;14,68963146;1321,021362;14,79195442;1331,253658;1023229,601;160,1999664;80547,60097;942682;"[2; 4; 1; 9; 9]"
0;19;1;2;1;1;240;100;30;14,69013023;1272,815796;14,77778802;1281,581574;876577,8128;238,6502838;86871,81283;789706;"[1; 2; 1; 12; 5]"
0;15;5;5;5;1;180;160;26;14,69223499;1188,689575;14,82074964;1201,54104;1285146,437;182,1430054;82584,43661;1202562;"[5; 5; 1; 9; 8]"
0;15;2;2;2;1;200;120;29;14,69363976;1176,706421;14,77411233;1184,753678;804725,7599;210,0159454;84843,75994;719882;"[2; 2; 1; 10; 6]"
0;19;1;4;1;1;240;100;30;14,69717407;1190,328857;14,78998574;1199,610024;928116,6593;204,5671234;84426,65927;843690;"[1; 4; 1; 12; 5]"
0;15;2;2;2;1;260;100;29;14,71938992;1096,423828;14,82290873;1106,77571;1035188,171;233,8023376;86546,17145;948642;"[2; 2; 1; 13; 5]"
0;15;3;4;3;1;240;100;28;14,72742081;1155,520508;14,84187066;1166,965493;1144498,547;219,4994659;85544,54727;1058954;"[3; 4; 1; 12; 5]"
0;15;4;4;4;1;260;180;27;14,7294817;1193,91626;14,90217207;1211,185297;1726903,69;174,6477661;81917,69032;1644986;"[4; 4; 1; 13; 9]"
0;15;2;9;2;2;240;100;29;14,76683807;1271,392822;14,89772851;1284,481866;1308904,36;184,5222778;82790,35981;1226114;"[2; 9; 2; 12; 5]"
0;18;2;4;2;2;200;180;29;14,76711273;1412,243408;14,88024743;1423,556878;1131346,997;152,3748779;79752,99686;1051594;"[2; 4; 2; 10; 9]"
0;17;2;8;2;2;80;80;29;14,77361584;1174,566772;14,81266796;1178,471985;390521,2725;236,724762;86743,27254;303778;"[2; 8; 2; 4; 4]"
0;17;5;9;5;2;400;280;26;14,77808285;1545,129517;15,26953675;1594,274907;4914539,032;114,5457001;75225,03241;4839314;"[5; 9; 2; 20; 14]"
0;19;1;6;1;1;340;200;30;14,78039551;1524,133789;14,99053918;1545,148157;2101436,77;143,1561279;78762,76995;2022674;"[1; 6; 1; 17; 10]"
0;15;2;2;2;1;280;100;29;14,78342152;1153,165527;14,89815323;1164,638699;1147317,126;242,9497681;87155,12562;1060162;"[2; 2; 1; 14; 5]"
0;16;5;5;5;1;180;140;26;14,78360081;1197,387207;14,90454449;1209,481575;1209436,844;197,5750732;83874,8443;1125562;"[5; 5; 1; 9; 7]"
0;14;3;2;3;1;280;200;28;14,78596973;1165,081299;14,95291829;1181,776154;1669485,55;170,6207886;81547,54975;1587938;"[3; 2; 1; 14; 10]"
0;14;2;2;2;1;240;100;29;14,79961395;1143,209229;14,89263036;1152,510869;930164,0948;235,2200623;86642,09482;843522;"[2; 2; 1; 12; 5]"
0;15;3;4;3;1;220;220;28;14,80661774;1281,671387;14,96087928;1297,097541;1542615,467;161,7610168;80701,4667;1461914;"[3; 4; 1; 11; 11]"
0;20;2;9;2;2;300;180;29;14,80812836;1528,218506;15,01870521;1549,276191;2105768,522;145,4456177;79014,52238;2026754;"[2; 9; 2; 15; 9]"
0;20;2;7;2;2;280;260;29;14,81299305;1555,135254;15,04054695;1577,890644;2275539,022;127,6604843;76945,0216;2198594;"[2; 7; 2; 14; 13]"
0;15;3;2;3;1;300;120;28;14,83072758;1226,395264;14,97208365;1240,530871;1413560,692;209,7372742;84822,69195;1328738;"[3; 2; 1; 15; 6]"
0;15;2;2;2;1;160;160;29;14,83780575;1263,680664;14,91510238;1271,410328;772966,3518;195,7100067;83724,35177;689242;"[2; 2; 1; 8; 8]"
0;15;5;4;5;2;280;180;26;14,84339428;1495,39917;15,04391731;1515,451473;2005230,309;163,9661865;80916,30882;1924314;"[5; 4; 2; 14; 9]"
0;19;4;5;4;2;180;160;27;14,84806156;1447,442139;14,96657527;1459,293509;1185137,039;157,6701813;80295,03904;1104842;"[4; 5; 2; 9; 8]"
0;18;5;9;5;2;180;180;26;14,85475636;1397,48291;15,03287291;1415,294566;1781165,571;145,4185638;79011,57074;1702154;"[5; 9; 2; 9; 9]"
0;14;3;2;3;1;140;140;28;14,85752773;1136,499023;14,92260408;1143,006658;650763,4487;192,057724;83425,4487;567338;"[3; 2; 1; 7; 7]"
0;15;3;4;3;1;160;160;28;14,86586857;1275,365723;14,95742285;1284,52115;915542,7663;181,7339935;82548,76634;832994;"[3; 4; 1; 8; 8]"
0;17;3;4;3;1;200;100;28;14,86969185;1206,363525;14,96140088;1215,534428;917090,2964;212,3121033;85016,29641;832074;"[3; 4; 1; 10; 5]"
0;15;2;1;2;1;300;160;29;14,87005424;1259,338623;15,01669099;1274,002297;1466367,427;229,1235809;86225,42742;1380142;"[2; 1; 1; 15; 8]"
0;20;2;5;2;2;280;220;29;14,87074661;1429,441895;15,06137579;1448,504813;1906291,803;141,0695953;78529,80294;1827762;"[2; 5; 2; 14; 11]"
0;18;3;5;3;2;280;160;28;14,87599182;1439,679932;15,0507854;1457,159289;1747935,758;154,120697;79933,75778;1668002;"[3; 5; 2; 14; 8]"
0;18;4;4;4;1;240;160;27;14,87698364;1205,418579;15,02594225;1220,31444;1489586,107;180,0392609;82400,10682;1407186;"[4; 4; 1; 12; 8]"
0;18;4;4;4;2;240;160;27;14,88464832;1525,807983;15,03370319;1540,71347;1490548,662;167,2891998;81234,6615;1409314;"[4; 4; 2; 12; 8]"
0;15;4;2;4;1;280;100;27;14,89610004;1170,146851;15,02325843;1182,862689;1271583,813;224,0455322;85869,81284;1185714;"[4; 2; 1; 14; 5]"
0;17;3;4;3;1;160;100;28;14,89832497;1196,730713;14,9699613;1203,894347;716363,3777;219,8432312;85569,37765;630794;"[3; 4; 1; 8; 5]"
0;15;4;3;4;2;340;180;27;14,90648651;1547,125366;15,12833937;1569,310652;2218528,562;171,1702118;81598,56166;2136930;"[4; 3; 2; 17; 9]"
0;13;3;2;3;1;240;160;28;14,90981674;1320,512573;15,03188536;1332,719435;1220686,151;184,032074;82748,15128;1137938;"[3; 2; 1; 12; 8]"
0;17;5;4;5;2;200;140;26;14,91137218;1567,572266;15,03504997;1579,940044;1236777,867;170,1517029;81503,86672;1155274;"[5; 4; 2; 10; 7]"
0;13;2;2;2;1;300;160;29;14,92029858;1236,095093;15,07341541;1251,406776;1531168,336;195,2416687;83686,33622;1447482;"[2; 2; 1; 15; 8]"
0;17;3;9;3;2;140;120;28;14,92394257;1393,215088;15,01632739;1402,453571;923848,2627;183,4081116;82694,26267;841154;"[3; 9; 2; 7; 6]"
0;18;4;4;4;2;280;220;27;14,93494701;1497,200439;15,14454766;1518,160505;2096006,508;151,7950897;79692,50759;2016314;"[4; 4; 2; 14; 11]"
0;18;4;4;4;2;240;220;27;14,94348907;1606,295288;15,12219073;1624,165453;1787016,528;149,9884491;79502,52831;1707514;"[4; 4; 2; 12; 11]"
0;15;3;2;3;1;220;160;28;14,94929028;1236,716919;15,0600586;1247,793751;1107683,229;181,6934814;82545,22888;1025138;"[3; 2; 1; 11; 8]"
0;17;4;5;4;1;220;80;27;14,95109749;1221,815918;15,06740408;1233,446577;1163065,895;248,6623535;87523,8947;1075542;"[4; 5; 1; 11; 4]"
0;15;3;2;3;1;260;100;28;14,95261383;1201,323853;15,06189006;1212,251476;1092762,325;223,4041595;85824,32542;1006938;"[3; 2; 1; 13; 5]"
0;14;4;2;4;1;280;120;27;14,95441914;1166,859619;15,08955496;1180,373202;1351358,276;218,1167145;85444,27588;1265914;"[4; 2; 1; 14; 6]"
0;14;4;3;4;2;140;140;27;14,96268177;1295,790405;15,03730935;1303,253163;746275,7848;191,095871;83345,7848;662930;"[4; 3; 2; 7; 7]"
0;14;2;1;2;1;220;140;29;14,97092342;1198,151245;15,0639238;1207,451283;930003,7858;240,9166718;87021,78582;842982;"[2; 1; 1; 11; 7]"
0;14;3;4;3;1;140;100;28;14,99985886;1216,011353;15,06238731;1222,264198;625284,5836;219,3063812;85530,58357;539754;"[3; 4; 1; 7; 5]"
0;15;5;5;5;2;200;140;26;15,00367451;1264,213867;15,13878007;1277,724423;1351055,59;177,9352875;82213,59004;1268842;"[5; 5; 2; 10; 7]"
0;15;2;2;2;1;280;120;29;15,00697041;1284,673096;15,12955669;1296,931725;1225862,881;218,896225;85500,88064;1140362;"[2; 2; 1; 14; 6]"
0;15;2;2;2;1;200;100;29;15,00710011;1266,460205;15,08100464;1273,850659;739045,381;234,0560608;86563,38103;652482;"[2; 2; 1; 10; 5]"
0;17;4;5;4;1;100;100;27;15,02964211;1197,636719;15,08493604;1203,166112;552939,3569;228,1427307;86157,35692;466782;"[4; 5; 1; 5; 5]"
0;14;5;2;5;2;100;100;26;15,04314804;1167,666382;15,08722223;1172,073801;440741,8832;222,5547638;85763,88318;354978;"[5; 2; 2; 5; 5]"
0;15;2;1;2;1;260;140;29;15,04506588;1194,648193;15,15880382;1206,021987;1137379,394;236,3389893;86717,39418;1050662;"[2; 1; 1; 13; 7]"
0;17;4;4;4;2;220;120;27;15,05239201;1375,830688;15,17214769;1387,806257;1197556,875;197,1773987;83842,87538;1113714;"[4; 4; 2; 11; 6]"
0;16;3;3;3;1;120;80;28;15,05719662;1167,627808;15,10260809;1172,168955;454114,7301;251,2590637;87688,73009;366426;"[3; 3; 1; 6; 4]"
0;15;4;1;4;1;260;140;27;15,05798149;1200,529541;15,17752503;1212,483894;1195435,347;232,79039;86477,34655;1108958;"[4; 1; 1; 13; 7]"
0;20;3;4;3;2;240;140;28;15,05874538;1465,46875;15,18842739;1478,43695;1296820,045;177,6266632;82186,04523;1214634;"[3; 4; 2; 12; 7]"
0;19;2;5;2;2;300;260;29;15,07696533;1436,96936;15,30742707;1460,015534;2304617,344;122,5389633;76295,34369;2228322;"[2; 5; 2; 15; 13]"
0;15;5;4;5;2;160;140;26;15,08416462;1511,911499;15,18282501;1521,777538;986603,9416;167,4503784;81249,94157;905354;"[5; 4; 2; 8; 7]"
0;18;2;10;2;1;100;100;29;15,10044765;1240,494507;15,15567922;1246,017663;552315,6526;213,6188049;85113,65257;467202;"[2; 10; 1; 5; 5]"
0;14;2;1;2;1;300;140;29;15,10614204;1197,650391;15,24323035;1211,359221;1370883,031;239,6936493;86941,03125;1283942;"[2; 1; 1; 15; 7]"
0;15;2;1;2;1;280;140;29;15,12238503;1169,473999;15,2474542;1181,980917;1250691,782;234,4458313;86589,78217;1164102;"[2; 1; 1; 14; 7]"
0;20;2;9;2;2;280;160;29;15,12779713;1509,431763;15,31231795;1527,883845;1845208,229;154,1252747;79934,22905;1765274;"[2; 9; 2; 14; 8]"
0;14;3;2;3;1;240;100;28;15,16323185;1254,593506;15,26151184;1264,421505;982799,9119;218,3592834;85461,91187;897338;"[3; 2; 1; 12; 5]"
0;20;4;4;4;2;340;180;27;15,16665459;1640,138672;15,40371201;1663,844414;2370574,19;157,3242645;80260,18977;2290314;"[4; 4; 2; 17; 9]"
0;18;5;9;5;2;140;120;26;15,19846344;1271,32373;15,31964161;1283,441547;1211781,672;191,1186066;83347,67246;1128434;"[5; 9; 2; 7; 6]"
0;20;2;3;2;2;240;120;29;15,25503254;2022,656982;15,36062469;2033,216197;1055921,484;198,4316254;83943,48422;971978;"[2; 3; 2; 12; 6]"
0;20;3;4;3;2;280;160;28;15,30099869;1598,366943;15,46634993;1614,902067;1653512,41;160,7137756;80598,40974;1572914;"[3; 4; 2; 14; 8]"
0;15;2;3;2;2;280;100;29;15,33476162;1675,480469;15,45563017;1687,567323;1208685,467;210,8608704;84907,46714;1123778;"[2; 3; 2; 14; 5]"
0;14;3;2;3;1;180;100;28;15,34693813;1231,752075;15,41618133;1238,676395;692432,0083;218,8014374;85494,00834;606938;"[3; 2; 1; 9; 5]"
0;14;3;1;3;1;220;200;28;15,37780666;1308,71167;15,5000092;1320,931924;1222025,37;211,7651825;84975,36992;1137050;"[3; 1; 1; 11; 10]"
0;18;5;9;5;2;140;140;26;15,4106493;1398,626465;15,53814114;1411,375649;1274918,377;178,7308807;82284,37724;1192634;"[5; 9; 2; 7; 7]"
0;18;5;9;5;2;140;140;26;15,4106493;1398,626465;15,53814114;1411,375649;1274918,377;178,7308807;82284,37724;1192634;"[5; 9; 2; 7; 7]"
0;18;5;9;5;2;140;140;26;15,4106493;1398,626465;15,53814114;1411,375649;1274918,377;178,7308807;82284,37724;1192634;"[5; 9; 2; 7; 7]"
0;19;3;7;3;2;100;100;28;15,43834972;1465,368774;15,49499224;1471,033026;566425,1285;193,487442;83543,1285;482882;"[3; 7; 2; 5; 5]"
0;20;1;7;1;2;180;180;30;15,48689556;1862,421143;15,58712945;1872,444532;1002338,93;133,3168945;77632,93041;924706;"[1; 7; 2; 9; 9]"
0;17;3;4;3;1;120;80;28;15,506073;1261,597046;15,55548965;1266,538711;494166,5217;244,4456482;87252,52172;406914;"[3; 4; 1; 6; 4]"
0;13;3;1;3;1;240;200;28;15,51322269;1431,779541;15,64673116;1445,130387;1335084,64;219,6391296;85554,63995;1249530;"[3; 1; 1; 12; 10]"
0;20;2;9;2;2;240;240;29;15,51904202;1636,098511;15,71446282;1655,640592;1954208,087;128,8654633;77094,08677;1877114;"[2; 9; 2; 12; 12]"
0;15;5;4;5;2;300;180;26;15,5400629;1602,144287;15,75720425;1623,858421;2171413,426;160,1174469;80539,42572;2090874;"[5; 4; 2; 15; 9]"
0;17;5;6;5;1;100;100;26;15,56760883;1310,249023;15,6341381;1316,90195;665292,6657;227,9890594;86146,6657;579146;"[5; 6; 1; 5; 5]"
0;19;2;3;2;2;260;160;29;15,66047573;2158,224365;15,79442508;2171,619301;1339493,539;170,2769165;81515,53886;1257978;"[2; 3; 2; 13; 8]"
0;14;3;1;3;1;300;160;28;15,69236946;1346,943726;15,84242213;1361,948993;1500526,733;236,9256744;86756,73343;1413770;"[3; 1; 1; 15; 8]"
0;18;5;9;5;2;80;80;26;15,80321121;1370,352661;15,86922472;1376,954012;660135,1186;252,7263336;87781,11863;572354;"[5; 9; 2; 4; 4]"
0;20;2;3;2;2;280;140;29;15,81093502;2058,559082;15,94822163;2072,287743;1372866,083;178,7726288;82288,08303;1290578;"[2; 3; 2; 14; 7]"
0;14;3;1;3;1;280;160;28;15,81354141;1374,733154;15,95103713;1388,482727;1374957,221;232,6418762;86467,22061;1288490;"[3; 1; 1; 14; 8]"
0;16;3;1;3;2;280;200;28;16,14089012;1576,283936;16,29871555;1592,066478;1578254,285;204,1758881;84396,28452;1493858;"[3; 1; 2; 14; 10]"
0;18;3;1;3;2;200;160;28;16,26927567;1517,794678;16,36300338;1527,16745;937277,1954;222,2087555;85739,19538;851538;"[3; 1; 2; 10; 8]"
