0,14.0,5.0,2.0,5.0,2.0,100.0,100.0,26.0,15.043148040771484,1167.6663818359375,15.087222229089086,1172.0738006676977,440741.88317602116,222.5547637939453,85763.88317602116,354978.0,"[5, 2, 2, 5, 5]"
0,13.0,3.0,2.0,3.0,1.0,260.0,200.0,28.0,14.529258728027344,1160.246337890625,14.682979125275741,1175.6183776154649,1537203.972483981,167.61964416503906,81265.97248398104,1455938.0,"[3, 2, 1, 13, 10]"
0,17.0,3.0,9.0,3.0,2.0,140.0,120.0,28.0,14.923942565917969,1393.215087890625,15.016327392184914,1402.4535705173196,923848.2626694471,183.40811157226562,82694.26266944713,841154.0,"[3, 9, 2, 7, 6]"
0,15.0,3.0,6.0,3.0,2.0,160.0,160.0,28.0,14.222599029541016,1281.8428955078125,14.325141055834782,1292.0970981371893,1025420.2629376696,165.27294921875,81042.26293766958,944378.0,"[3, 6, 2, 8, 8]"
0,17.0,2.0,8.0,2.0,2.0,80.0,80.0,29.0,14.773615837097168,1174.5667724609375,14.812667964351036,1178.4719851863244,390521.2725386854,236.72476196289062,86743.2725386854,303778.0,"[2, 8, 2, 4, 4]"
0,19.0,3.0,7.0,3.0,2.0,100.0,100.0,28.0,15.438349723815918,1465.3687744140625,15.494992236666148,1471.0330256990856,566425.1285023037,193.48744201660156,83543.12850230369,482882.0,"[3, 7, 2, 5, 5]"
0,18.0,2.0,6.0,2.0,1.0,140.0,140.0,29.0,13.96888542175293,1063.7325439453125,14.043325419009117,1071.1765436709313,744399.9725618752,180.92495727539062,82477.97256187527,661922.0,"[2, 6, 1, 7, 7]"
0,15.0,2.0,5.0,2.0,1.0,260.0,260.0,29.0,13.671294212341309,1076.2158203125,13.87122003545824,1096.208402624193,1999258.2311693104,157.4833984375,80276.23116931038,1918982.0,"[2, 5, 1, 13, 13]"
0,15.0,3.0,8.0,3.0,1.0,260.0,260.0,28.0,14.261449813842773,1359.8729248046875,14.502074755910435,1383.9354190114536,2406249.4206766216,144.79531860351562,78943.42067662172,2327306.0,"[3, 8, 1, 13, 13]"
0,18.0,5.0,9.0,5.0,2.0,100.0,100.0,26.0,14.29556941986084,1120.762939453125,14.380111608455977,1129.2171583126387,845421.8859513652,218.99288940429688,85507.88595136523,759914.0,"[5, 9, 2, 5, 5]"
0,15.0,3.0,3.0,3.0,2.0,320.0,200.0,28.0,14.446417808532715,1220.2864990234375,14.652471728291214,1240.8918909992874,2060539.1975849974,161.79905700683594,80705.19758499737,1979834.0,"[3, 3, 2, 16, 10]"
0,15.0,5.0,3.0,5.0,2.0,200.0,160.0,26.0,14.442391395568848,1172.122802734375,14.56278302340672,1184.161965518162,1203916.2783787218,172.59706115722656,81730.27837872182,1122186.0,"[5, 3, 2, 10, 8]"
0,19.0,1.0,3.0,1.0,1.0,280.0,140.0,30.0,14.53493881225586,1367.729736328125,14.66276102061324,1380.5119571638631,1278222.0835738075,181.90951538085938,82564.08357380744,1195658.0,"[1, 3, 1, 14, 7]"
0,19.0,1.0,9.0,1.0,1.0,380.0,160.0,30.0,14.260076522827148,1264.329833984375,14.49166411959754,1287.4885936614144,2315875.9677039315,162.62478637695312,80785.96770393159,2235090.0,"[1, 9, 1, 19, 8]"
0,16.0,4.0,4.0,4.0,1.0,180.0,180.0,27.0,14.64595890045166,1215.9862060546875,14.76463304745513,1227.8536207550344,1186741.4700347001,181.810791015625,82555.47003470008,1104186.0,"[4, 4, 1, 9, 9]"
0,17.0,5.0,6.0,5.0,1.0,100.0,100.0,26.0,15.567608833312988,1310.2490234375,15.634138099883021,1316.9019500945033,665292.6657003227,227.9890594482422,86146.66570032269,579146.0,"[5, 6, 1, 5, 5]"
0,19.0,2.0,8.0,2.0,1.0,280.0,280.0,29.0,14.09887409210205,1190.023681640625,14.345758052508089,1214.7120776812287,2468839.60406038,148.2505340576172,79317.60406037993,2389522.0,"[2, 8, 1, 14, 14]"
0,17.0,2.0,4.0,2.0,2.0,240.0,200.0,29.0,14.032719612121582,1223.601318359375,14.17922942702802,1238.2522998500187,1465098.1490643697,150.3824005126953,79544.14906436983,1385554.0,"[2, 4, 2, 12, 10]"
0,17.0,5.0,9.0,5.0,2.0,400.0,280.0,26.0,14.778082847595215,1545.1295166015625,15.269536750835762,1594.2749069256172,4914539.032405468,114.54570007324219,75225.03240546733,4839314.0,"[5, 9, 2, 20, 14]"
0,15.0,5.0,4.0,5.0,2.0,160.0,140.0,26.0,15.0841646194458,1511.9114990234375,15.182825013602512,1521.7775384391086,986603.9415671206,167.45037841796875,81249.94156712061,905354.0,"[5, 4, 2, 8, 7]"
0,20.0,4.0,5.0,4.0,2.0,220.0,220.0,27.0,14.60568904876709,1377.9417724609375,14.77986468394219,1395.3593359784477,1741756.3517510076,147.10340881347656,79194.35175100749,1662562.0,"[4, 5, 2, 11, 11]"
0,15.0,3.0,4.0,3.0,1.0,220.0,220.0,28.0,14.806617736816406,1281.67138671875,14.960879283486081,1297.0975413857175,1542615.4666967436,161.76101684570312,80701.46669674352,1461914.0,"[3, 4, 1, 11, 11]"
0,15.0,3.0,2.0,3.0,2.0,240.0,200.0,28.0,14.161394119262695,1077.8013916015625,14.302675258875151,1091.9295055628081,1412811.3961245578,175.2178192138672,81969.39612455782,1330842.0,"[3, 2, 2, 12, 10]"
0,18.0,5.0,9.0,5.0,2.0,80.0,80.0,26.0,15.803211212158203,1370.3526611328125,15.869224724020972,1376.9540123190893,660135.1186276895,252.72633361816406,87781.11862768958,572354.0,"[5, 9, 2, 4, 4]"
0,17.0,4.0,2.0,4.0,2.0,340.0,180.0,27.0,14.394552230834961,1249.364013671875,14.601137951399854,1270.0225857283642,2065857.2056489326,176.52362060546875,82087.20564893253,1983770.0,"[4, 2, 2, 17, 9]"
0,15.0,2.0,4.0,2.0,2.0,160.0,160.0,29.0,14.029057502746582,1205.397216796875,14.113396159389547,1213.8310824611715,843386.5664296524,164.34129333496094,80952.5664296524,762434.0,"[2, 4, 2, 8, 8]"
0,18.0,3.0,1.0,3.0,2.0,200.0,160.0,28.0,16.269275665283203,1517.794677734375,16.36300338482152,1527.1674496882067,937277.1953831695,222.20875549316406,85739.19538316947,851538.0,"[3, 1, 2, 10, 8]"
0,18.0,2.0,8.0,2.0,2.0,280.0,220.0,29.0,13.916376113891602,1212.8052978515625,14.126097558847706,1233.777442347173,2097214.4495610483,140.24205017089844,78436.44956104821,2018778.0,"[2, 8, 2, 14, 11]"
0,18.0,4.0,7.0,4.0,1.0,200.0,200.0,27.0,14.593681335449219,1179.47998046875,14.761032263553332,1196.2150732791613,1673509.2810411311,168.35342407226562,81335.28104113102,1592174.0,"[4, 7, 1, 10, 10]"
0,15.0,3.0,4.0,3.0,1.0,240.0,100.0,28.0,14.727420806884766,1155.5205078125,14.84187066161155,1166.9654932851784,1144498.5472678407,219.4994659423828,85544.54726784064,1058954.0,"[3, 4, 1, 12, 5]"
0,14.0,2.0,3.0,2.0,1.0,220.0,220.0,29.0,13.658373832702637,989.3372192382812,13.79782131821493,1003.2819677895106,1394474.855122942,161.2661895751953,80652.8551229421,1313822.0,"[2, 3, 1, 11, 11]"
0,15.0,2.0,3.0,2.0,1.0,140.0,140.0,29.0,13.939580917358398,1023.3857421875,14.004618494395553,1029.8894998912153,650375.7703715365,186.4324493408203,82953.77037153646,567422.0,"[2, 3, 1, 7, 7]"
0,17.0,5.0,4.0,5.0,2.0,200.0,140.0,26.0,14.911372184753418,1567.572265625,15.035049971425398,1579.940044292198,1236777.8667197993,170.15170288085938,81503.86671979936,1155274.0,"[5, 4, 2, 10, 7]"
0,19.0,2.0,8.0,2.0,1.0,240.0,240.0,29.0,14.129112243652344,1149.585205078125,14.318875989531694,1168.56157966606,1897637.458793505,152.0148162841797,79715.45879350511,1817922.0,"[2, 8, 1, 12, 12]"
0,18.0,2.0,3.0,2.0,1.0,240.0,100.0,29.0,13.752289772033691,934.8810424804688,13.850611483603354,944.713213637435,983217.1156966239,222.99327087402344,85795.11569662392,897422.0,"[2, 3, 1, 12, 5]"
0,18.0,2.0,6.0,2.0,2.0,220.0,100.0,29.0,14.510831832885742,1234.161865234375,14.6137167029869,1244.450352244491,1028848.7010115836,197.22494506835938,83846.70101158357,945002.0,"[2, 6, 2, 11, 5]"
0,17.0,3.0,8.0,3.0,2.0,240.0,100.0,28.0,14.633517265319824,1426.6693115234375,14.780705091054585,1441.3880940969136,1471878.2573476112,194.72457885742188,83644.25734761129,1388234.0,"[3, 8, 2, 12, 5]"
0,17.0,4.0,4.0,4.0,2.0,220.0,120.0,27.0,15.05239200592041,1375.8306884765625,15.172147693458669,1387.8062572303884,1197556.8753825848,197.17739868164062,83842.87538258477,1113714.0,"[4, 4, 2, 11, 6]"
0,20.0,4.0,5.0,4.0,2.0,340.0,200.0,27.0,14.383097648620605,1364.0020751953125,14.64700398685948,1390.3927090191999,2639063.382388733,152.2633819580078,79741.38238873296,2559322.0,"[4, 5, 2, 17, 10]"
0,18.0,4.0,4.0,4.0,2.0,280.0,220.0,27.0,14.93494701385498,1497.200439453125,15.144547664613661,1518.160504528993,2096006.5075868054,151.7950897216797,79692.50758680548,2016314.0,"[4, 4, 2, 14, 11]"
0,15.0,2.0,2.0,2.0,1.0,240.0,200.0,29.0,14.430115699768066,1122.6690673828125,14.566074791512928,1136.2649765572987,1359590.9174486122,187.79031372070312,83068.91744861224,1276522.0,"[2, 2, 1, 12, 10]"
0,20.0,4.0,4.0,4.0,2.0,340.0,180.0,27.0,15.166654586791992,1640.138671875,15.40371200576882,1663.8444137726829,2370574.1897682897,157.3242645263672,80260.1897682896,2290314.0,"[4, 4, 2, 17, 9]"
0,17.0,2.0,5.0,2.0,2.0,200.0,200.0,29.0,14.490882873535156,1413.3077392578125,14.61783101004956,1426.002552909253,1269481.3651440365,148.6412353515625,79359.36514403652,1190122.0,"[2, 5, 2, 10, 10]"
0,16.0,3.0,1.0,3.0,2.0,280.0,200.0,28.0,16.14089012145996,1576.283935546875,16.298715549911766,1592.0664783920554,1578254.2845180498,204.17588806152344,84396.28451804983,1493858.0,"[3, 1, 2, 14, 10]"
0,17.0,4.0,7.0,4.0,1.0,240.0,240.0,27.0,14.428873062133789,1207.5616455078125,14.650942187210202,1229.7685580154537,2220691.25076412,154.34906005859375,79957.25076411996,2140734.0,"[4, 7, 1, 12, 12]"
0,17.0,3.0,4.0,3.0,1.0,200.0,100.0,28.0,14.869691848754883,1206.363525390625,14.961400878395464,1215.534428354683,917090.2964058184,212.31210327148438,85016.29640581847,832074.0,"[3, 4, 1, 10, 5]"
0,13.0,2.0,2.0,2.0,1.0,220.0,220.0,29.0,14.445022583007812,1161.48583984375,14.579688876468088,1174.9524691897775,1346662.934602759,178.46701049804688,82260.93460275917,1264402.0,"[2, 2, 1, 11, 11]"
0,20.0,2.0,3.0,2.0,2.0,280.0,140.0,29.0,15.810935020446777,2058.55908203125,15.948221628749414,2072.287742861514,1372866.083026371,178.7726287841797,82288.08302637102,1290578.0,"[2, 3, 2, 14, 7]"
0,15.0,2.0,3.0,2.0,1.0,160.0,160.0,29.0,13.619503021240234,968.9842529296875,13.700294598135862,977.0634106192502,807915.7689562789,183.40240478515625,82693.76895627897,725222.0,"[2, 3, 1, 8, 8]"
0,15.0,5.0,5.0,5.0,2.0,200.0,140.0,26.0,15.003674507141113,1264.2138671875,15.138780066145127,1277.7244230879014,1351055.5900401399,177.93528747558594,82213.5900401399,1268842.0,"[5, 5, 2, 10, 7]"
0,18.0,3.0,8.0,3.0,1.0,220.0,220.0,28.0,14.368254661560059,1184.852783203125,14.552153042855124,1203.2426213326316,1838983.8129506547,161.92774963378906,80717.81295065474,1758266.0,"[3, 8, 1, 11, 11]"
0,18.0,2.0,5.0,2.0,1.0,240.0,100.0,29.0,13.484941482543945,931.0736083984375,13.594011072860594,941.9805674301024,1090695.9031664904,218.5243682861328,85473.90316649037,1005222.0,"[2, 5, 1, 12, 5]"
0,15.0,2.0,9.0,2.0,2.0,240.0,100.0,29.0,14.766838073730469,1271.392822265625,14.897728509711962,1284.4818658637744,1308904.3598149412,184.52227783203125,82790.35981494114,1226114.0,"[2, 9, 2, 12, 5]"
0,20.0,3.0,4.0,3.0,2.0,240.0,140.0,28.0,15.058745384216309,1465.46875,15.188427388739719,1478.436950452341,1296820.0452340995,177.6266632080078,82186.04523409953,1214634.0,"[3, 4, 2, 12, 7]"
0,14.0,3.0,2.0,3.0,2.0,300.0,140.0,28.0,14.274543762207031,1078.302490234375,14.424856720307382,1093.33378604441,1503129.5810035071,200.2418975830078,84087.58100350716,1419042.0,"[3, 2, 2, 15, 7]"
0,20.0,4.0,5.0,4.0,2.0,280.0,220.0,27.0,14.629681587219238,1459.8828125,14.851907203920705,1482.1053741701467,2222256.167014671,147.2872314453125,79214.1670146711,2143042.0,"[4, 5, 2, 14, 11]"
0,15.0,4.0,3.0,4.0,2.0,340.0,180.0,27.0,14.906486511230469,1547.1253662109375,15.128339367396299,1569.3106518275206,2218528.561658303,171.1702117919922,81598.56165830266,2136930.0,"[4, 3, 2, 17, 9]"
0,18.0,2.0,5.0,2.0,2.0,140.0,140.0,29.0,14.581158638000488,1289.203369140625,14.652540442608604,1296.3415496014366,713818.0460811553,170.927490234375,81576.04608115528,632242.0,"[2, 5, 2, 7, 7]"
0,14.0,3.0,1.0,3.0,1.0,300.0,160.0,28.0,15.69236946105957,1346.9437255859375,15.842422134402536,1361.948992920234,1500526.7334296561,236.92567443847656,86756.73342965613,1413770.0,"[3, 1, 1, 15, 8]"
0,20.0,2.0,6.0,2.0,2.0,280.0,220.0,29.0,14.396514892578125,1235.2073974609375,14.593515218038993,1254.9074300070242,1970003.254608676,142.4225616455078,78681.25460867598,1891322.0,"[2, 6, 2, 14, 11]"
0,15.0,4.0,7.0,4.0,1.0,240.0,220.0,27.0,14.200719833374023,1179.3489990234375,14.411624843352705,1200.4395000213058,2109050.099786822,159.88223266601562,80516.09978682232,2028534.0,"[4, 7, 1, 12, 11]"
0,20.0,2.0,6.0,2.0,1.0,220.0,220.0,29.0,13.65305233001709,1081.070068359375,13.807277803506262,1096.492615708292,1542254.7348917106,156.4595184326172,80172.73489171064,1462082.0,"[2, 6, 1, 11, 11]"
0,18.0,2.0,3.0,2.0,1.0,280.0,140.0,29.0,13.61367130279541,947.8380737304688,13.751047426191011,961.575686070029,1373761.2339560185,198.37847900390625,83939.2339560185,1289822.0,"[2, 3, 1, 14, 7]"
0,14.0,2.0,3.0,2.0,1.0,180.0,180.0,29.0,13.526106834411621,1044.8165283203125,13.624493332648328,1054.6551781439832,983864.9823670735,171.65008544921875,81642.98236707356,902222.0,"[2, 3, 1, 9, 9]"
0,15.0,5.0,3.0,5.0,2.0,280.0,100.0,26.0,14.382833480834961,1254.1844482421875,14.531990266269602,1269.1001267856518,1491567.8543464218,206.0576934814453,84541.85434642177,1407026.0,"[5, 3, 2, 14, 5]"
0,19.0,2.0,8.0,2.0,1.0,240.0,240.0,29.0,14.129112243652344,1149.585205078125,14.318875989531694,1168.56157966606,1897637.458793505,152.0148162841797,79715.45879350511,1817922.0,"[2, 8, 1, 12, 12]"
0,15.0,2.0,2.0,2.0,1.0,200.0,100.0,29.0,15.007100105285645,1266.460205078125,15.081004643389141,1273.8506588884748,739045.3810349646,234.05606079101562,86563.38103496456,652482.0,"[2, 2, 1, 10, 5]"
0,17.0,4.0,6.0,4.0,2.0,240.0,100.0,27.0,14.445402145385742,1144.9102783203125,14.592467892044215,1159.61685298616,1470657.4665847388,200.44247436523438,84103.46658473884,1386554.0,"[4, 6, 2, 12, 5]"
0,19.0,2.0,4.0,2.0,2.0,180.0,140.0,29.0,14.228412628173828,1232.811279296875,14.314899177353123,1241.4599342148047,864865.4917929553,168.5255126953125,81351.49179295536,783514.0,"[2, 4, 2, 9, 7]"
0,15.0,4.0,4.0,4.0,1.0,240.0,140.0,27.0,14.07180118560791,1002.1843872070312,14.212165515171872,1016.2208201634274,1403643.2956396185,187.65281677246094,83057.29563961853,1320586.0,"[4, 4, 1, 12, 7]"
0,20.0,2.0,4.0,2.0,2.0,180.0,180.0,29.0,14.36575698852539,1282.727783203125,14.468177274401617,1292.9698117907476,1024202.8587622618,157.60877990722656,80288.85876226179,943914.0,"[2, 4, 2, 9, 9]"
0,14.0,3.0,1.0,3.0,1.0,220.0,200.0,28.0,15.377806663513184,1308.711669921875,15.500009200505062,1320.9319236210629,1222025.3699187788,211.7651824951172,84975.36991877887,1137050.0,"[3, 1, 1, 11, 10]"
0,20.0,2.0,5.0,2.0,2.0,280.0,220.0,29.0,14.870746612548828,1429.44189453125,15.061375792843327,1448.5048125607,1906291.8029449969,141.06959533691406,78529.8029449969,1827762.0,"[2, 5, 2, 14, 11]"
0,17.0,4.0,7.0,4.0,1.0,180.0,180.0,27.0,14.62168025970459,1249.2034912109375,14.764493800027774,1263.484845243256,1428135.4032318422,169.48318481445312,81441.40323184224,1346694.0,"[4, 7, 1, 9, 9]"
0,14.0,3.0,4.0,3.0,1.0,220.0,100.0,28.0,14.447516441345215,1084.88330078125,14.550295115435029,1095.1611681902314,1027786.7408981394,218.50836181640625,85472.74089813943,942314.0,"[3, 4, 1, 11, 5]"
0,15.0,2.0,4.0,2.0,1.0,220.0,220.0,29.0,13.930329322814941,1118.539306640625,14.07474820715529,1132.9811950746598,1444188.843403483,164.2820281982422,80946.84340348297,1363242.0,"[2, 4, 1, 11, 11]"
0,14.0,2.0,3.0,2.0,1.0,220.0,220.0,29.0,13.658373832702637,989.3372192382812,13.79782131821493,1003.2819677895106,1394474.855122942,161.2661895751953,80652.8551229421,1313822.0,"[2, 3, 1, 11, 11]"
0,15.0,5.0,4.0,5.0,2.0,280.0,180.0,26.0,14.84339427947998,1495.399169921875,15.043917310361893,1515.4514730100664,2005230.3088191291,163.9661865234375,80916.30881912903,1924314.0,"[5, 4, 2, 14, 9]"
0,19.0,3.0,8.0,3.0,2.0,160.0,160.0,28.0,14.33009147644043,1246.1934814453125,14.443625939732796,1257.5469277745492,1135344.6329236655,160.63502502441406,80590.63292366549,1054754.0,"[3, 8, 2, 8, 8]"
0,19.0,2.0,6.0,2.0,1.0,220.0,100.0,29.0,13.745683670043945,1047.121337890625,13.848464433135579,1057.3994141997882,1027807.6309163293,216.49183654785156,85325.63091632928,942482.0,"[2, 6, 1, 11, 5]"
0,19.0,2.0,4.0,2.0,2.0,260.0,200.0,29.0,13.921600341796875,1179.24658203125,14.081226292712502,1195.2091771228127,1596259.509156275,160.98849487304688,80625.50915627499,1515634.0,"[2, 4, 2, 13, 10]"
0,15.0,3.0,5.0,3.0,1.0,260.0,160.0,28.0,13.685113906860352,1045.899658203125,13.845335974143438,1061.9218649314337,1602220.6728308706,181.16114807128906,82498.67283087054,1519722.0,"[3, 5, 1, 13, 8]"
0,20.0,2.0,4.0,2.0,2.0,180.0,180.0,29.0,14.36575698852539,1282.727783203125,14.468177274401617,1292.9698117907476,1024202.8587622618,157.60877990722656,80288.85876226179,943914.0,"[2, 4, 2, 9, 9]"
0,14.0,3.0,1.0,3.0,1.0,280.0,160.0,28.0,15.813541412353516,1374.733154296875,15.951037134414824,1388.4827265030058,1374957.2206130882,232.64187622070312,86467.2206130883,1288490.0,"[3, 1, 1, 14, 8]"
0,18.0,4.0,7.0,4.0,1.0,200.0,200.0,27.0,14.593681335449219,1179.47998046875,14.761032263553332,1196.2150732791613,1673509.2810411311,168.35342407226562,81335.28104113102,1592174.0,"[4, 7, 1, 10, 10]"
0,18.0,2.0,5.0,2.0,1.0,220.0,180.0,29.0,14.09679889678955,1167.237548828125,14.226320459439819,1180.1897050931518,1295215.6265026808,168.54818725585938,81353.62650268083,1213862.0,"[2, 5, 1, 11, 9]"
0,15.0,2.0,5.0,2.0,1.0,280.0,140.0,29.0,13.99501895904541,1118.5081787109375,14.144835245946167,1133.4898074010132,1498162.869007564,182.56170654296875,82620.869007564,1415542.0,"[2, 5, 1, 14, 7]"
0,14.0,2.0,3.0,2.0,1.0,200.0,200.0,29.0,13.652679443359375,1057.9244384765625,13.770660572011046,1069.7225513417295,1179811.286516711,168.9274139404297,81389.28651671122,1098422.0,"[2, 3, 1, 10, 10]"
0,15.0,5.0,4.0,5.0,2.0,300.0,180.0,26.0,15.54006290435791,1602.144287109375,15.757204246929499,1623.858421366534,2171413.4257158893,160.11744689941406,80539.42571588919,2090874.0,"[5, 4, 2, 15, 9]"
0,17.0,2.0,8.0,2.0,2.0,240.0,240.0,29.0,14.315224647521973,1444.097412109375,14.505169635350612,1463.091910892239,1899449.878286397,130.31753540039062,77271.87828639716,1822178.0,"[2, 8, 2, 12, 12]"
0,14.0,3.0,2.0,3.0,1.0,240.0,100.0,28.0,15.16323184967041,1254.593505859375,15.261511840857152,1264.4215049780491,982799.9118674222,218.35928344726562,85461.91186742215,897338.0,"[3, 2, 1, 12, 5]"
0,19.0,3.0,6.0,3.0,2.0,240.0,100.0,28.0,14.662109375,1267.440185546875,14.792955935144612,1280.5248415613362,1308465.601446124,203.80712890625,84367.60144612401,1224098.0,"[3, 6, 2, 12, 5]"
0,19.0,4.0,5.0,4.0,2.0,180.0,160.0,27.0,14.848061561584473,1447.442138671875,14.966575265488304,1459.293509062258,1185137.0390383059,157.67018127441406,80295.03903830577,1104842.0,"[4, 5, 2, 9, 8]"
0,15.0,3.0,4.0,3.0,1.0,280.0,120.0,28.0,14.126287460327148,1137.910888671875,14.273885029949696,1152.6706456341299,1475975.696225478,203.4746551513672,84341.69622547811,1391634.0,"[3, 4, 1, 14, 6]"
0,15.0,2.0,5.0,2.0,1.0,300.0,120.0,29.0,13.822711944580078,1018.107421875,13.977501709827632,1033.5863983997554,1547897.652475529,204.16775512695312,84395.6524755288,1463502.0,"[2, 5, 1, 15, 6]"
0,15.0,2.0,3.0,2.0,1.0,140.0,140.0,29.0,13.939580917358398,1023.3857421875,14.004618494395553,1029.8894998912153,650375.7703715365,186.4324493408203,82953.77037153646,567422.0,"[2, 3, 1, 7, 7]"
0,15.0,3.0,4.0,3.0,1.0,160.0,160.0,28.0,14.86586856842041,1275.36572265625,14.957422845054907,1284.5211503196997,915542.766344976,181.73399353027344,82548.766344976,832994.0,"[3, 4, 1, 8, 8]"
0,20.0,2.0,7.0,2.0,1.0,180.0,180.0,29.0,14.286626815795898,1209.3489990234375,14.401212702541926,1220.8075876980402,1145858.867460271,173.3229217529297,81796.86746027114,1064062.0,"[2, 7, 1, 9, 9]"
0,19.0,2.0,5.0,2.0,1.0,260.0,200.0,29.0,13.848636627197266,1083.2293701171875,14.013998032758265,1099.7655106732873,1653614.0556099864,163.09783935546875,80832.05560998649,1572782.0,"[2, 5, 1, 13, 10]"
0,20.0,2.0,9.0,2.0,2.0,300.0,180.0,29.0,14.808128356933594,1528.218505859375,15.018705209171708,1549.2761910831864,2105768.522381144,145.44561767578125,79014.52238114433,2026754.0,"[2, 9, 2, 15, 9]"
0,20.0,2.0,4.0,2.0,1.0,180.0,180.0,29.0,14.689631462097168,1321.0213623046875,14.791954422193735,1331.2536583143442,1023229.6009656684,160.19996643066406,80547.60096566845,942682.0,"[2, 4, 1, 9, 9]"
0,16.0,3.0,5.0,3.0,1.0,120.0,80.0,28.0,14.537724494934082,1153.20751953125,14.591158380333328,1158.5509080711745,534338.8539924559,239.63055419921875,86936.85399245593,447402.0,"[3, 5, 1, 6, 4]"
0,16.0,5.0,5.0,5.0,1.0,180.0,180.0,26.0,14.42443561553955,1149.3544921875,14.56119677938922,1163.030608572467,1367611.6384966886,171.72210693359375,81649.63849668851,1285962.0,"[5, 5, 1, 9, 9]"
0,18.0,3.0,5.0,3.0,2.0,280.0,160.0,28.0,14.875991821289062,1439.679931640625,15.05078539706744,1457.1592892184626,1747935.7577837638,154.12069702148438,79933.75778376387,1668002.0,"[3, 5, 2, 14, 8]"
0,19.0,2.0,9.0,2.0,1.0,380.0,260.0,29.0,13.939983367919922,1175.5740966796875,14.273856298642563,1208.9613897519516,3338729.3072264143,148.5283203125,79347.30722641421,3259382.0,"[2, 9, 1, 19, 13]"
0,20.0,2.0,4.0,2.0,1.0,260.0,220.0,29.0,14.045510292053223,1135.8154296875,14.215912718393218,1152.8556723214997,1704024.263399963,160.95556640625,80622.26339996308,1623402.0,"[2, 4, 1, 13, 11]"
0,18.0,2.0,6.0,2.0,1.0,400.0,240.0,29.0,13.6985445022583,1086.338623046875,14.011862844888828,1117.6704573099278,3133183.426305278,158.13180541992188,80341.42630527842,3052842.0,"[2, 6, 1, 20, 12]"
0,19.0,2.0,6.0,2.0,1.0,220.0,180.0,29.0,13.92457389831543,1100.75,14.059007587890344,1114.1933689574914,1344336.89574914,165.4045867919922,81054.89574914002,1263282.0,"[2, 6, 1, 11, 9]"
0,15.0,3.0,7.0,3.0,1.0,220.0,220.0,28.0,13.912627220153809,1089.26513671875,14.089106270110646,1106.9130417144336,1764790.4995683657,160.85655212402344,80612.4995683657,1684178.0,"[3, 7, 1, 11, 11]"
0,15.0,3.0,5.0,3.0,1.0,320.0,180.0,28.0,13.886934280395508,1060.1343994140625,14.103285922518413,1081.7695636263531,2163516.421229057,170.26492309570312,81514.42122905703,2082002.0,"[3, 5, 1, 16, 9]"
0,15.0,3.0,2.0,3.0,2.0,240.0,120.0,28.0,14.414584159851074,1105.865478515625,14.520230870056931,1116.4301495362106,1056467.1020585622,209.76913452148438,84825.10205856213,971642.0,"[3, 2, 2, 12, 6]"
0,17.0,2.0,6.0,2.0,1.0,180.0,180.0,29.0,13.632189750671387,1057.662353515625,13.742686957493142,1068.7120741978006,1104972.0682175537,168.72293090820312,81370.06821755358,1023602.0,"[2, 6, 1, 9, 9]"
0,20.0,2.0,8.0,2.0,1.0,220.0,140.0,29.0,14.215832710266113,1135.30517578125,14.342997559372337,1148.0216606918725,1271648.4910622411,183.78102111816406,82726.49106224114,1188922.0,"[2, 8, 1, 11, 7]"
0,15.0,4.0,1.0,4.0,1.0,280.0,160.0,27.0,14.580709457397461,1189.396728515625,14.721386213876785,1203.4644041635574,1406767.5647932403,238.9174346923828,86889.56479324034,1319878.0,"[4, 1, 1, 14, 8]"
0,15.0,4.0,5.0,4.0,1.0,180.0,180.0,27.0,14.579893112182617,1193.944580078125,14.706629585401982,1206.6182274000614,1267364.732193646,179.38941955566406,82342.73219364606,1185022.0,"[4, 5, 1, 9, 9]"
0,14.0,3.0,4.0,3.0,1.0,140.0,100.0,28.0,14.999858856201172,1216.0113525390625,15.062387314558505,1222.2641983747958,625284.5835733324,219.30638122558594,85530.58357333238,539754.0,"[3, 4, 1, 7, 5]"
0,14.0,2.0,3.0,2.0,1.0,220.0,220.0,29.0,13.658373832702637,989.3372192382812,13.79782131821493,1003.2819677895106,1394474.855122942,161.2661895751953,80652.8551229421,1313822.0,"[2, 3, 1, 11, 11]"
0,19.0,2.0,4.0,2.0,1.0,280.0,140.0,29.0,14.23830509185791,1260.438720703125,14.381805369448472,1274.788748462181,1435002.7759056082,179.141357421875,82320.77590560813,1352682.0,"[2, 4, 1, 14, 7]"
0,17.0,4.0,4.0,4.0,2.0,280.0,100.0,27.0,14.644657135009766,1283.7486572265625,14.797073829052353,1298.9903266308213,1524166.940425878,212.80299377441406,85052.94042587804,1439114.0,"[4, 4, 2, 14, 5]"
0,19.0,2.0,8.0,2.0,1.0,200.0,200.0,29.0,13.724122047424316,1045.785888671875,13.86451134369667,1059.8248182991103,1403892.9627235315,162.4710693359375,80770.96272353148,1323122.0,"[2, 8, 1, 10, 10]"
0,14.0,2.0,3.0,2.0,1.0,200.0,100.0,29.0,13.878936767578125,981.8673706054688,13.957228254324502,989.6965192801064,782914.8674637598,218.78570556640625,85492.86746375982,697422.0,"[2, 3, 1, 10, 5]"
0,19.0,2.0,8.0,2.0,2.0,240.0,100.0,29.0,14.607977867126465,1377.5040283203125,14.733444885263902,1390.050730134056,1254670.181374362,192.86717224121094,83492.18137436207,1171178.0,"[2, 8, 2, 12, 5]"
0,19.0,2.0,4.0,2.0,2.0,280.0,120.0,29.0,13.995030403137207,1141.335693359375,14.130076942616308,1154.8403473072851,1350465.3947910136,188.7689971923828,83151.39479101353,1267314.0,"[2, 4, 2, 14, 6]"
0,15.0,3.0,3.0,3.0,1.0,260.0,180.0,28.0,14.47799301147461,1173.000732421875,14.630374700574095,1188.2389013318234,1523816.8909948505,186.39862060546875,82950.89099485053,1440866.0,"[3, 3, 1, 13, 9]"
0,16.0,4.0,1.0,4.0,1.0,260.0,200.0,27.0,14.606220245361328,1110.22607421875,14.754407899923631,1125.0448396749805,1481876.5456230384,203.17799377441406,84318.54562303846,1397558.0,"[4, 1, 1, 13, 10]"
0,15.0,4.0,5.0,4.0,1.0,240.0,180.0,27.0,14.43480396270752,1162.2850341796875,14.603762480970644,1179.180886006,1689585.1826312456,172.0855255126953,81683.18263124555,1607902.0,"[4, 5, 1, 12, 9]"
0,15.0,4.0,2.0,4.0,2.0,260.0,160.0,27.0,14.254794120788574,1132.7698974609375,14.394667423675966,1146.7572277496765,1398733.0288739065,183.27830505371094,82683.02887390656,1316050.0,"[4, 2, 2, 13, 8]"
0,18.0,2.0,8.0,2.0,1.0,220.0,220.0,29.0,13.662957191467285,1074.5980224609375,13.827149882810177,1091.0172915952267,1641926.9134289233,164.88436889648438,81004.91342892326,1560922.0,"[2, 8, 1, 11, 11]"
0,19.0,2.0,4.0,2.0,2.0,260.0,100.0,29.0,14.097719192504883,1190.4083251953125,14.212816240158528,1201.9180299606771,1150970.4765364584,203.40773010253906,84336.4765364583,1066634.0,"[2, 4, 2, 13, 5]"
0,14.0,3.0,4.0,3.0,1.0,220.0,140.0,28.0,14.495903968811035,1118.65576171875,14.613253311412251,1130.3906959788717,1173493.4260121647,193.93057250976562,83579.42601216467,1089914.0,"[3, 4, 1, 11, 7]"
0,17.0,2.0,4.0,2.0,2.0,140.0,140.0,29.0,14.385072708129883,1195.5185546875,14.453248839314247,1202.3361678059364,681761.3118436476,171.26463317871094,81607.31184364762,600154.0,"[2, 4, 2, 7, 7]"
0,15.0,4.0,1.0,4.0,1.0,260.0,140.0,27.0,15.057981491088867,1200.529541015625,15.17752502574368,1212.4838944811063,1195435.346548136,232.79039001464844,86477.34654813603,1108958.0,"[4, 1, 1, 13, 7]"
0,15.0,4.0,5.0,4.0,1.0,220.0,220.0,27.0,14.669075965881348,1231.828125,14.84312175983786,1249.2327043956514,1740457.9395651282,166.0421600341797,81115.9395651282,1659342.0,"[4, 5, 1, 11, 11]"
0,15.0,3.0,4.0,3.0,1.0,180.0,100.0,28.0,14.392985343933105,1110.6868896484375,14.474333390832276,1118.8216943383545,813480.4689917024,215.4144287109375,85246.46899170244,728234.0,"[3, 4, 1, 9, 5]"
0,14.0,2.0,3.0,2.0,1.0,220.0,220.0,29.0,13.658373832702637,989.3372192382812,13.79782131821493,1003.2819677895106,1394474.855122942,161.2661895751953,80652.8551229421,1313822.0,"[2, 3, 1, 11, 11]"
0,15.0,4.0,2.0,4.0,2.0,240.0,160.0,27.0,14.290353775024414,1195.076171875,14.417818642217995,1207.822658594358,1274648.671935813,178.6666259765625,82278.671935813,1192370.0,"[4, 2, 2, 12, 8]"
0,20.0,2.0,8.0,2.0,1.0,180.0,180.0,29.0,14.621896743774414,1210.526123046875,14.74046780805821,1222.3832294752544,1185710.6428379521,166.80471801757812,81188.64283795208,1104522.0,"[2, 8, 1, 9, 9]"
0,15.0,2.0,3.0,2.0,1.0,180.0,100.0,29.0,13.255256652832031,867.4105224609375,13.324502477570638,874.3351049347981,692458.247386062,218.00637817382812,85436.24738606202,607022.0,"[2, 3, 1, 9, 5]"
0,19.0,2.0,4.0,2.0,2.0,280.0,140.0,29.0,14.440759658813477,1310.260498046875,14.58423055216668,1324.6075873821953,1434708.933532031,162.71670532226562,80794.93353203093,1353914.0,"[2, 4, 2, 14, 7]"
0,18.0,4.0,4.0,4.0,2.0,240.0,220.0,27.0,14.943489074707031,1606.2952880859375,15.122190727538014,1624.1654533690357,1787016.5283098246,149.9884490966797,79502.52830982457,1707514.0,"[4, 4, 2, 12, 11]"
0,13.0,4.0,1.0,4.0,1.0,240.0,200.0,27.0,14.372084617614746,1231.748046875,14.508213699698967,1245.3609550834221,1361290.8208422035,210.1359100341797,84852.82084220347,1276438.0,"[4, 1, 1, 12, 10]"
0,15.0,4.0,2.0,4.0,2.0,280.0,160.0,27.0,14.380861282348633,1241.63671875,14.53372283870982,1256.9228743861188,1528615.5636118867,181.01153564453125,82485.56361188668,1446130.0,"[4, 2, 2, 14, 8]"
0,15.0,3.0,8.0,3.0,1.0,240.0,200.0,28.0,14.185347557067871,1180.7769775390625,14.374949808496138,1199.7372026818891,1896022.5142826682,163.1436767578125,80836.51428266824,1815186.0,"[3, 8, 1, 12, 10]"
0,19.0,2.0,4.0,2.0,1.0,260.0,100.0,29.0,14.000981330871582,1085.9447021484375,14.116007593125211,1097.4473283738005,1150262.622536295,210.2392578125,84860.62253629518,1065402.0,"[2, 4, 1, 13, 5]"
0,18.0,2.0,6.0,2.0,2.0,240.0,100.0,29.0,13.710798263549805,1120.212646484375,13.825374276626036,1131.6702477919982,1145760.1307623165,200.6278076171875,84118.13076231648,1061642.0,"[2, 6, 2, 12, 5]"
0,18.0,2.0,4.0,2.0,2.0,240.0,160.0,29.0,13.990788459777832,1317.919921875,14.118156174208387,1330.6566933180554,1273677.144305554,159.95323181152344,80523.14430555396,1193154.0,"[2, 4, 2, 12, 8]"
0,15.0,3.0,2.0,3.0,1.0,220.0,160.0,28.0,14.94929027557373,1236.7169189453125,15.060058598462131,1247.7937512341525,1107683.2288840024,181.6934814453125,82545.22888400237,1025138.0,"[3, 2, 1, 11, 8]"
0,15.0,3.0,3.0,3.0,1.0,240.0,120.0,28.0,14.274097442626953,1102.2020263671875,14.38781827550067,1113.5741096545592,1137208.328737173,215.62985229492188,85262.32873717307,1051946.0,"[3, 3, 1, 12, 6]"
0,19.0,2.0,6.0,2.0,1.0,300.0,120.0,29.0,14.027677536010742,1099.119384765625,14.189144759428933,1115.266107107444,1614672.2341819075,197.02037048339844,83830.23418190739,1530842.0,"[2, 6, 1, 15, 6]"
0,15.0,2.0,3.0,2.0,1.0,140.0,140.0,29.0,13.939580917358398,1023.3857421875,14.004618494395553,1029.8894998912153,650375.7703715365,186.4324493408203,82953.77037153646,567422.0,"[2, 3, 1, 7, 7]"
0,15.0,3.0,4.0,3.0,1.0,260.0,140.0,28.0,14.601032257080078,1201.146240234375,14.743634611744971,1215.4064757008643,1426023.5466489377,194.54412841796875,83629.54664893767,1342394.0,"[3, 4, 1, 13, 7]"
0,15.0,2.0,7.0,2.0,1.0,220.0,160.0,29.0,14.323027610778809,1112.165771484375,14.453538553279563,1125.2168657344505,1305109.4250075405,177.8661651611328,82207.42500754041,1222902.0,"[2, 7, 1, 11, 8]"
0,19.0,2.0,5.0,2.0,1.0,260.0,140.0,29.0,13.93324089050293,1076.197265625,14.069940681572746,1089.8672447319816,1366997.9106981605,184.8196563720703,82815.91069816053,1284182.0,"[2, 5, 1, 13, 7]"
0,20.0,2.0,9.0,2.0,2.0,240.0,240.0,29.0,15.519042015075684,1636.0985107421875,15.71446282375223,1655.640591609842,1954208.0867654588,128.86546325683594,77094.08676545885,1877114.0,"[2, 9, 2, 12, 12]"
0,20.0,2.0,4.0,2.0,1.0,200.0,200.0,29.0,14.463470458984375,1229.8681640625,14.585747790443447,1242.0958972084072,1222773.3145907132,149.12869262695312,79411.31459071331,1143362.0,"[2, 4, 1, 10, 10]"
0,17.0,3.0,4.0,3.0,1.0,120.0,80.0,28.0,15.506072998046875,1261.5970458984375,15.555489650218437,1266.5387111155935,494166.5217156125,244.44564819335938,87252.52171561249,406914.0,"[3, 4, 1, 6, 4]"
0,16.0,5.0,5.0,5.0,1.0,180.0,180.0,26.0,14.42443561553955,1149.3544921875,14.56119677938922,1163.030608572467,1367611.6384966886,171.72210693359375,81649.63849668851,1285962.0,"[5, 5, 1, 9, 9]"
0,18.0,3.0,3.0,3.0,2.0,280.0,160.0,28.0,14.634034156799316,1288.41064453125,14.789982846879656,1304.005513539284,1559486.9008034072,170.03414916992188,81492.90080340723,1477994.0,"[3, 3, 2, 14, 8]"
0,20.0,2.0,4.0,2.0,1.0,400.0,220.0,29.0,13.793322563171387,1030.698486328125,14.074926108427993,1058.8588408537858,2816035.452566073,159.4530792236328,80473.45256607262,2735562.0,"[2, 4, 1, 20, 11]"
0,20.0,2.0,4.0,2.0,1.0,180.0,180.0,29.0,14.689631462097168,1321.0213623046875,14.791954422193735,1331.2536583143442,1023229.6009656684,160.19996643066406,80547.60096566845,942682.0,"[2, 4, 1, 9, 9]"
0,15.0,3.0,5.0,3.0,1.0,200.0,200.0,28.0,14.102635383605957,1098.831298828125,14.240763660153787,1112.644126482908,1381282.7654782997,163.18739318847656,80840.76547829979,1300442.0,"[3, 5, 1, 10, 10]"
0,15.0,3.0,5.0,3.0,1.0,320.0,140.0,28.0,14.100592613220215,1106.810791015625,14.296591556627147,1126.4106853563183,1959989.4340693213,189.1982421875,83187.43406932119,1876802.0,"[3, 5, 1, 16, 7]"
0,19.0,2.0,5.0,2.0,1.0,140.0,140.0,29.0,14.01829719543457,1083.1500244140625,14.089655056965809,1090.2858105671862,713578.61531238,188.83111572265625,83156.61531238006,630422.0,"[2, 5, 1, 7, 7]"
0,18.0,2.0,8.0,2.0,1.0,160.0,160.0,29.0,14.535120010375977,1189.47900390625,14.633788046120214,1199.3458074806738,986680.3574423792,170.73704528808594,81558.35744237922,905122.0,"[2, 8, 1, 8, 8]"
0,18.0,5.0,9.0,5.0,2.0,140.0,140.0,26.0,15.410649299621582,1398.62646484375,15.538141137345333,1411.375648616125,1274918.3772375039,178.7308807373047,82284.37723750387,1192634.0,"[5, 9, 2, 7, 7]"
0,17.0,2.0,4.0,2.0,2.0,220.0,200.0,29.0,14.182732582092285,1307.509765625,14.316917831193003,1320.9282905350717,1341852.4910071804,154.55581665039062,79978.49100718045,1261874.0,"[2, 4, 2, 11, 10]"
0,13.0,3.0,1.0,3.0,1.0,240.0,200.0,28.0,15.513222694396973,1431.779541015625,15.646731158392342,1445.1303874151617,1335084.6399536852,219.63912963867188,85554.63995368531,1249530.0,"[3, 1, 1, 12, 10]"
0,15.0,4.0,4.0,4.0,1.0,200.0,160.0,27.0,14.471355438232422,1220.5948486328125,14.593952184362385,1232.8545232458087,1225967.461299621,184.4188232421875,82781.46129962096,1143186.0,"[4, 4, 1, 10, 8]"
0,15.0,3.0,2.0,3.0,1.0,280.0,180.0,28.0,14.55765151977539,1154.256591796875,14.714086993199086,1169.9001391392444,1564354.7342369428,177.97055053710938,82216.73423694291,1482138.0,"[3, 2, 1, 14, 9]"
0,18.0,2.0,8.0,2.0,1.0,220.0,220.0,29.0,13.662957191467285,1074.5980224609375,13.827149882810177,1091.0172915952267,1641926.9134289233,164.88436889648438,81004.91342892326,1560922.0,"[2, 8, 1, 11, 11]"
0,19.0,2.0,7.0,2.0,1.0,240.0,100.0,29.0,13.817472457885742,1043.9404296875,13.93726955314219,1055.920139213145,1197970.952564482,211.41290283203125,84948.95256448201,1113022.0,"[2, 7, 1, 12, 5]"
0,18.0,2.0,4.0,2.0,2.0,200.0,160.0,29.0,14.274652481079102,1309.4490966796875,14.379237628363246,1319.907611408102,1045851.4728414482,163.35931396484375,80857.47284144815,964994.0,"[2, 4, 2, 10, 8]"
0,15.0,2.0,2.0,2.0,1.0,200.0,120.0,29.0,14.693639755249023,1176.7064208984375,14.774112331242588,1184.7536784977938,804725.7599356339,210.0159454345703,84843.75993563383,719882.0,"[2, 2, 1, 10, 6]"
0,16.0,4.0,4.0,4.0,1.0,180.0,180.0,27.0,14.64595890045166,1215.9862060546875,14.76463304745513,1227.8536207550344,1186741.4700347001,181.810791015625,82555.47003470008,1104186.0,"[4, 4, 1, 9, 9]"
0,14.0,2.0,3.0,2.0,1.0,220.0,180.0,29.0,13.889202117919922,993.3724365234375,14.008852071725673,1005.3374319040126,1196499.5380575191,169.86959838867188,81477.53805751922,1115022.0,"[2, 3, 1, 11, 9]"
0,19.0,2.0,6.0,2.0,1.0,240.0,100.0,29.0,13.654656410217285,1002.7230224609375,13.76907463303265,1014.1648447424741,1144182.228153657,212.9007568359375,85060.228153657,1059122.0,"[2, 6, 1, 12, 5]"
0,19.0,2.0,4.0,2.0,2.0,260.0,160.0,29.0,14.413186073303223,1300.041259765625,14.553003524794047,1314.0230049147074,1398174.5149082365,168.40896606445312,81340.51490823638,1316834.0,"[2, 4, 2, 13, 8]"
0,14.0,3.0,3.0,3.0,1.0,260.0,120.0,28.0,14.099783897399902,1048.5443115234375,14.225508342036607,1061.1167559871078,1257244.4463670363,222.75912475585938,85778.4463670363,1171466.0,"[3, 3, 1, 13, 6]"
0,17.0,3.0,4.0,3.0,1.0,160.0,100.0,28.0,14.898324966430664,1196.730712890625,14.969961304196092,1203.8943466671678,716363.3776542784,219.84323120117188,85569.37765427845,630794.0,"[3, 4, 1, 8, 5]"
0,14.0,3.0,2.0,3.0,1.0,280.0,200.0,28.0,14.785969734191895,1165.081298828125,14.952918289166824,1181.7761543256179,1669485.5497492943,170.62078857421875,81547.54974929435,1587938.0,"[3, 2, 1, 14, 10]"
0,16.0,2.0,2.0,2.0,1.0,240.0,160.0,29.0,14.301901817321777,1087.8985595703125,14.418770941474444,1099.585471985579,1168691.2415266545,206.41366577148438,84569.2415266544,1084122.0,"[2, 2, 1, 12, 8]"
0,15.0,4.0,4.0,4.0,1.0,260.0,180.0,27.0,14.72948169708252,1193.916259765625,14.902172066114655,1211.1852966688386,1726903.690321355,174.64776611328125,81917.69032135494,1644986.0,"[4, 4, 1, 13, 9]"
0,15.0,3.0,2.0,3.0,1.0,260.0,100.0,28.0,14.952613830566406,1201.3238525390625,15.061890063108258,1212.2514757932477,1092762.3254185156,223.40415954589844,85824.32541851554,1006938.0,"[3, 2, 1, 13, 5]"
0,19.0,2.0,8.0,2.0,1.0,220.0,180.0,29.0,14.20407485961914,1095.15380859375,14.348406048433743,1109.5869274752104,1443311.8881460319,166.81781005859375,81189.88814603185,1362122.0,"[2, 8, 1, 11, 9]"
0,14.0,2.0,2.0,2.0,1.0,240.0,180.0,29.0,14.040502548217773,1111.593994140625,14.166567149554428,1124.2004542742905,1260646.0133665437,193.25448608398438,83524.01336654359,1177122.0,"[2, 2, 1, 12, 9]"
0,20.0,2.0,9.0,2.0,2.0,320.0,180.0,29.0,14.632469177246094,1335.9197998046875,14.859798821128079,1358.652764192886,2273296.4388198517,136.9749755859375,78062.43881985177,2195234.0,"[2, 9, 2, 16, 9]"
0,15.0,2.0,4.0,2.0,1.0,280.0,160.0,29.0,14.35180377960205,1260.784423828125,14.504558850275052,1276.0599308954252,1527550.706730015,174.10943603515625,81868.70673001517,1445682.0,"[2, 4, 1, 14, 8]"
0,15.0,5.0,5.0,5.0,1.0,180.0,160.0,26.0,14.692234992980957,1188.6895751953125,14.820749636641473,1201.541039561364,1285146.4366051524,182.14300537109375,82584.43660515235,1202562.0,"[5, 5, 1, 9, 8]"
0,18.0,3.0,3.0,3.0,2.0,240.0,160.0,28.0,14.633255004882812,1261.9468994140625,14.763383619635379,1274.959760889319,1301286.1475256567,170.4552459716797,81532.14752565681,1219754.0,"[3, 3, 2, 12, 8]"
0,20.0,2.0,4.0,2.0,1.0,240.0,220.0,29.0,14.562161445617676,1580.222900390625,14.719181046915976,1595.924860520455,1570196.0129830013,155.48907470703125,80074.01298300142,1490122.0,"[2, 4, 1, 12, 11]"
0,15.0,2.0,4.0,2.0,1.0,400.0,200.0,29.0,14.165675163269043,1214.317626953125,14.434234550335967,1241.1735656598173,2685593.8706692327,169.3813934326172,81431.87066923256,2604162.0,"[2, 4, 1, 20, 10]"
0,15.0,2.0,4.0,2.0,1.0,180.0,160.0,29.0,13.915695190429688,1145.6732177734375,14.009772444552663,1155.0809431857351,940772.541229753,170.0088653564453,81490.54122975311,859282.0,"[2, 4, 1, 9, 8]"
0,15.0,3.0,5.0,3.0,1.0,180.0,160.0,28.0,14.106441497802734,1142.279541015625,14.214747387599742,1153.1101299953257,1083058.897970077,179.77610778808594,82376.89797007715,1000682.0,"[3, 5, 1, 9, 8]"
0,20.0,2.0,5.0,2.0,1.0,320.0,120.0,29.0,13.791877746582031,1010.5863037109375,13.960727020963676,1027.4712311491019,1688492.743816443,199.52589416503906,84030.74381644308,1604462.0,"[2, 5, 1, 16, 6]"
0,14.0,3.0,2.0,3.0,1.0,180.0,100.0,28.0,15.346938133239746,1231.7520751953125,15.416181334073867,1238.6763952787246,692432.0083412174,218.8014373779297,85494.00834121736,606938.0,"[3, 2, 1, 9, 5]"
0,19.0,2.0,5.0,2.0,1.0,180.0,100.0,29.0,13.897356986999512,1026.51953125,13.974697159742641,1034.253548524313,773401.72743129,218.3292236328125,85459.72743129001,687942.0,"[2, 5, 1, 9, 5]"
0,18.0,5.0,9.0,5.0,2.0,180.0,180.0,26.0,14.854756355285645,1397.48291015625,15.032872912359764,1415.294565863662,1781165.570741191,145.41856384277344,79011.57074119106,1702154.0,"[5, 9, 2, 9, 9]"
0,15.0,2.0,1.0,2.0,1.0,300.0,160.0,29.0,14.870054244995117,1259.338623046875,15.01669098773735,1274.0022973210985,1466367.4274223375,229.1235809326172,86225.42742233742,1380142.0,"[2, 1, 1, 15, 8]"
0,13.0,3.0,2.0,3.0,1.0,240.0,160.0,28.0,14.90981674194336,1320.5125732421875,15.031885357071591,1332.7194347550105,1220686.1512823093,184.03207397460938,82748.15128230928,1137938.0,"[3, 2, 1, 12, 8]"
0,19.0,2.0,4.0,2.0,2.0,240.0,100.0,29.0,14.289347648620605,1314.1751708984375,14.393013545411925,1324.5417605775694,1036658.9679132008,200.46144104003906,84104.96791320079,952554.0,"[2, 4, 2, 12, 5]"
0,19.0,2.0,8.0,2.0,1.0,200.0,200.0,29.0,13.724122047424316,1045.785888671875,13.86451134369667,1059.8248182991103,1403892.9627235315,162.4710693359375,80770.96272353148,1323122.0,"[2, 8, 1, 10, 10]"
0,14.0,2.0,2.0,2.0,1.0,240.0,100.0,29.0,14.799613952636719,1143.209228515625,14.892630362118371,1152.5108694637902,930164.0948165226,235.22006225585938,86642.0948165226,843522.0,"[2, 2, 1, 12, 5]"
0,17.0,2.0,3.0,2.0,1.0,160.0,100.0,29.0,14.014082908630371,938.2600708007812,14.074953110061118,944.3470909438558,608702.014307465,221.38150024414062,85680.0143074651,523022.0,"[2, 3, 1, 8, 5]"
0,15.0,3.0,2.0,3.0,1.0,300.0,120.0,28.0,14.830727577209473,1226.395263671875,14.972083646404375,1240.530870591365,1413560.6919490204,209.73727416992188,84822.69194902034,1328738.0,"[3, 2, 1, 15, 6]"
0,15.0,3.0,4.0,3.0,1.0,180.0,120.0,28.0,14.37488079071045,1112.0511474609375,14.462578744454825,1120.820942835375,876979.5374437558,206.10552978515625,84545.53744375575,792434.0,"[3, 4, 1, 9, 6]"
0,19.0,2.0,7.0,2.0,1.0,140.0,140.0,29.0,14.280757904052734,1201.16796875,14.358339869967997,1208.9261653415263,775819.6591526292,180.01148986816406,82397.65915262916,693422.0,"[2, 7, 1, 7, 7]"
0,15.0,3.0,3.0,3.0,2.0,300.0,160.0,28.0,14.449359893798828,1358.635009765625,14.6191574945076,1375.6147698365023,1697976.0070877206,167.5777587890625,81262.00708772067,1616714.0,"[3, 3, 2, 15, 8]"
0,20.0,2.0,4.0,2.0,1.0,300.0,220.0,29.0,13.863228797912598,1130.4508056640625,14.062216158735993,1150.349541746402,1989873.6082339503,161.86444091796875,80711.60823395042,1909162.0,"[2, 4, 1, 15, 11]"
0,19.0,2.0,4.0,2.0,1.0,400.0,160.0,29.0,14.204028129577637,1137.8802490234375,14.448327494102804,1162.3101854759543,2442993.6452516806,180.39747619628906,82431.6452516808,2360562.0,"[2, 4, 1, 20, 8]"
0,20.0,2.0,4.0,2.0,1.0,220.0,180.0,29.0,14.47659969329834,1225.3740234375,14.601123246928685,1237.8263788005345,1245235.5363034431,162.70237731933594,80793.53630344318,1164442.0,"[2, 4, 1, 11, 9]"
0,15.0,3.0,5.0,3.0,1.0,240.0,180.0,28.0,14.474244117736816,1264.598876953125,14.629733837131624,1280.147848892606,1554897.1939480815,170.48797607421875,81535.19394808143,1473362.0,"[3, 5, 1, 12, 9]"
0,19.0,2.0,5.0,2.0,1.0,320.0,200.0,29.0,13.730074882507324,1029.22314453125,13.939718848299904,1050.187541110508,2096439.6579257913,170.94485473632812,81577.65792579133,2014862.0,"[2, 5, 1, 16, 10]"
0,14.0,3.0,2.0,3.0,1.0,140.0,140.0,28.0,14.857527732849121,1136.4990234375,14.922604077718958,1143.0066579244838,650763.4486983728,192.05772399902344,83425.44869837278,567338.0,"[3, 2, 1, 7, 7]"
0,18.0,5.0,9.0,5.0,2.0,140.0,140.0,26.0,15.410649299621582,1398.62646484375,15.538141137345333,1411.375648616125,1274918.3772375039,178.7308807373047,82284.37723750387,1192634.0,"[5, 9, 2, 7, 7]"
0,15.0,2.0,2.0,2.0,1.0,300.0,120.0,29.0,14.22953987121582,1093.55029296875,14.364299694422316,1107.0262752893996,1347598.2320649526,227.55218505859375,86116.23206495254,1261482.0,"[2, 2, 1, 15, 6]"
0,19.0,2.0,8.0,2.0,1.0,260.0,200.0,29.0,13.638090133666992,1078.8502197265625,13.820958476086247,1097.1370539684879,1828683.4241925403,162.37342834472656,80761.42419254042,1747922.0,"[2, 8, 1, 13, 10]"
0,15.0,2.0,3.0,2.0,1.0,260.0,100.0,29.0,13.789557456970215,939.91943359375,13.898821713636503,950.8458592603788,1092642.5666628755,220.55361938476562,85620.56666287537,1007022.0,"[2, 3, 1, 13, 5]"
0,18.0,2.0,4.0,2.0,2.0,220.0,160.0,29.0,14.199787139892578,1313.734619140625,14.315434275108952,1325.2993326622625,1156471.3521637488,160.70306396484375,80597.35216374889,1075874.0,"[2, 4, 2, 11, 8]"
0,13.0,2.0,2.0,2.0,1.0,200.0,160.0,29.0,14.345048904418945,1208.958740234375,14.440832177063054,1218.537067498786,957832.7264410903,198.522216796875,83950.72644109032,873882.0,"[2, 2, 1, 10, 8]"
0,18.0,2.0,4.0,2.0,2.0,200.0,180.0,29.0,14.767112731933594,1412.243408203125,14.880247431619924,1423.556878171758,1131346.9968633053,152.3748779296875,79752.99686330544,1051594.0,"[2, 4, 2, 10, 9]"
0,14.0,2.0,1.0,2.0,1.0,300.0,140.0,29.0,15.106142044067383,1197.650390625,15.243230347192183,1211.35922093748,1370883.0312479984,239.6936492919922,86941.03124799831,1283942.0,"[2, 1, 1, 15, 7]"
0,15.0,2.0,2.0,2.0,1.0,280.0,120.0,29.0,15.006970405578613,1284.673095703125,15.12955669364274,1296.9317245095378,1225862.880641277,218.89622497558594,85500.88064127688,1140362.0,"[2, 2, 1, 14, 6]"
0,14.0,4.0,2.0,4.0,1.0,280.0,120.0,27.0,14.954419136047363,1166.859619140625,15.08955496363553,1180.3732018994417,1351358.2758816765,218.11671447753906,85444.27588167637,1265914.0,"[4, 2, 1, 14, 6]"
0,19.0,1.0,6.0,1.0,1.0,340.0,200.0,30.0,14.7803955078125,1524.1337890625,14.990539184807258,1545.1481567619758,2101436.7699475726,143.1561279296875,78762.7699475726,2022674.0,"[1, 6, 1, 17, 10]"
0,20.0,2.0,3.0,2.0,2.0,240.0,120.0,29.0,15.255032539367676,2022.656982421875,15.360624687789418,2033.2161972640492,1055921.4842174228,198.43162536621094,83943.48421742287,971978.0,"[2, 3, 2, 12, 6]"
0,18.0,2.0,4.0,2.0,2.0,180.0,120.0,29.0,14.253470420837402,1251.0308837890625,14.333051875125115,1258.9890292178338,795814.5428771232,185.80809020996094,82900.54287712323,712914.0,"[2, 4, 2, 9, 6]"
0,15.0,3.0,5.0,3.0,1.0,240.0,160.0,28.0,14.007172584533691,1100.88134765625,14.153461498687404,1115.5102390716213,1462889.1415371262,181.48648071289062,82527.14153712624,1380362.0,"[3, 5, 1, 12, 8]"
0,19.0,2.0,5.0,2.0,2.0,300.0,260.0,29.0,15.07696533203125,1436.9693603515625,15.30742706640062,1460.0155337884996,2304617.3436937137,122.5389633178711,76295.34369371376,2228322.0,"[2, 5, 2, 15, 13]"
0,18.0,2.0,4.0,2.0,2.0,180.0,120.0,29.0,14.253470420837402,1251.0308837890625,14.333051875125115,1258.9890292178338,795814.5428771232,185.80809020996094,82900.54287712323,712914.0,"[2, 4, 2, 9, 6]"
0,15.0,3.0,3.0,3.0,1.0,360.0,120.0,28.0,14.260005950927734,1064.321044921875,14.455081252679003,1083.828575097002,1950753.017512691,221.47923278808594,85687.01751269097,1865066.0,"[3, 3, 1, 18, 6]"
0,19.0,1.0,2.0,1.0,1.0,240.0,100.0,30.0,14.690130233764648,1272.8157958984375,14.777788015047168,1281.5815740266896,876577.8128252011,238.65028381347656,86871.81282520104,789706.0,"[1, 2, 1, 12, 5]"
0,17.0,3.0,8.0,3.0,1.0,100.0,100.0,28.0,14.619831085205078,1092.855224609375,14.679607216472615,1098.8328377361288,597761.3126753744,223.2772979736328,85815.31267537443,511946.0,"[3, 8, 1, 5, 5]"
0,18.0,2.0,5.0,2.0,1.0,300.0,160.0,29.0,13.983110427856445,1043.9051513671875,14.156304850944247,1061.2245936759678,1731944.2308780174,180.5178680419922,82442.23087801738,1649502.0,"[2, 5, 1, 15, 8]"
0,19.0,2.0,3.0,2.0,2.0,260.0,160.0,29.0,15.660475730895996,2158.224365234375,15.79442508478162,2171.6193006229373,1339493.5388562377,170.27691650390625,81515.53885623765,1257978.0,"[2, 3, 2, 13, 8]"
0,15.0,2.0,4.0,2.0,1.0,280.0,120.0,29.0,13.970010757446289,1082.5782470703125,14.104993010780028,1096.0764724036862,1349822.5333373812,195.90969848632812,83740.5333373813,1266082.0,"[2, 4, 1, 14, 6]"
0,15.0,2.0,4.0,2.0,1.0,240.0,160.0,29.0,14.030329704284668,1175.17333984375,14.157735758891944,1187.9139453044777,1274060.5460727585,177.09571838378906,82138.54607275853,1191922.0,"[2, 4, 1, 12, 8]"
0,15.0,2.0,3.0,2.0,1.0,400.0,120.0,29.0,13.676878929138184,946.8928833007812,13.89060302368967,968.2652927559299,2137240.9455148657,204.4676971435547,84418.9455148658,2052822.0,"[2, 3, 1, 20, 6]"
0,15.0,4.0,4.0,4.0,1.0,280.0,140.0,27.0,14.343725204467773,1140.9237060546875,14.512466986860801,1157.7978842939901,1687417.823930275,194.57205200195312,83631.8239302749,1603786.0,"[4, 4, 1, 14, 7]"
0,19.0,4.0,9.0,4.0,1.0,280.0,200.0,27.0,14.02118968963623,1181.4849853515625,14.282294836613348,1207.5955000492743,2611051.46977117,163.64781188964844,80885.46977116987,2530166.0,"[4, 9, 1, 14, 10]"
0,13.0,2.0,2.0,2.0,1.0,300.0,160.0,29.0,14.92029857635498,1236.0950927734375,15.07341540997666,1251.4067761356055,1531168.3362167992,195.24166870117188,83686.33621679927,1447482.0,"[2, 2, 1, 15, 8]"
0,20.0,2.0,10.0,2.0,1.0,260.0,140.0,29.0,14.416966438293457,1266.0943603515625,14.582844274437356,1282.6821439659525,1658778.3614389906,183.432373046875,82696.36143899045,1576082.0,"[2, 10, 1, 13, 7]"
0,20.0,2.0,5.0,2.0,1.0,120.0,120.0,29.0,14.363067626953125,1103.468017578125,14.419751098172755,1109.136364700088,566834.7121963017,198.7974853515625,83972.71219630168,482862.0,"[2, 5, 1, 6, 6]"
0,18.0,4.0,4.0,4.0,2.0,240.0,160.0,27.0,14.884648323059082,1525.8079833984375,15.033703189209527,1540.713470013482,1490548.6615044486,167.28919982910156,81234.66150444867,1409314.0,"[4, 4, 2, 12, 8]"
0,15.0,2.0,2.0,2.0,1.0,240.0,140.0,29.0,14.161864280700684,1032.08154296875,14.270053025100221,1042.9004174087038,1081887.443995378,203.7794189453125,84365.44399537795,997522.0,"[2, 2, 1, 12, 7]"
0,15.0,3.0,3.0,3.0,1.0,340.0,180.0,28.0,14.060811996459961,1074.966064453125,14.27123485782532,1096.008350589661,2104228.6136535886,185.59825134277344,82882.61365358863,2021346.0,"[3, 3, 1, 17, 9]"
0,15.0,2.0,1.0,2.0,1.0,280.0,140.0,29.0,15.122385025024414,1169.4739990234375,15.247454203241078,1181.980916845104,1250691.7821666515,234.44583129882812,86589.78216665145,1164102.0,"[2, 1, 1, 14, 7]"
0,18.0,4.0,4.0,4.0,1.0,240.0,160.0,27.0,14.876983642578125,1205.4185791015625,15.025942253260213,1220.3144401697714,1489586.1068208814,180.0392608642578,82400.10682088147,1407186.0,"[4, 4, 1, 12, 8]"
0,15.0,3.0,4.0,3.0,1.0,280.0,100.0,28.0,14.636341094970703,1158.55859375,14.776038090657499,1172.5282933186795,1396969.9568679542,219.3806610107422,85535.95686795411,1311434.0,"[3, 4, 1, 14, 5]"
0,17.0,2.0,4.0,2.0,2.0,140.0,140.0,29.0,14.385072708129883,1195.5185546875,14.453248839314247,1202.3361678059364,681761.3118436476,171.26463317871094,81607.31184364762,600154.0,"[2, 4, 2, 7, 7]"
0,14.0,2.0,1.0,2.0,1.0,220.0,140.0,29.0,14.97092342376709,1198.1512451171875,15.063923802348627,1207.4512829753412,930003.7858153733,240.9166717529297,87021.78581537325,842982.0,"[2, 1, 1, 11, 7]"
0,15.0,2.0,2.0,2.0,1.0,380.0,120.0,29.0,14.596604347229004,1096.7252197265625,14.786183517213049,1115.683136724967,1895791.6998404518,223.47984313964844,85829.69984045185,1809962.0,"[2, 2, 1, 19, 6]"
0,14.0,3.0,4.0,3.0,1.0,340.0,180.0,28.0,14.256875991821289,1124.2679443359375,14.478697479829203,1146.4500931367288,2218214.8800791358,180.73016357421875,82460.8800791358,2135754.0,"[3, 4, 1, 17, 9]"
0,20.0,2.0,4.0,2.0,2.0,180.0,180.0,29.0,14.36575698852539,1282.727783203125,14.468177274401617,1292.9698117907476,1024202.8587622618,157.60877990722656,80288.85876226179,943914.0,"[2, 4, 2, 9, 9]"
0,15.0,2.0,2.0,2.0,1.0,300.0,100.0,29.0,14.619953155517578,1156.8455810546875,14.746402885244404,1169.49055402737,1264497.297268263,231.88182067871094,86415.29726826295,1178082.0,"[2, 2, 1, 15, 5]"
0,19.0,2.0,5.0,2.0,1.0,240.0,180.0,29.0,13.728228569030762,1051.6737060546875,13.870299796817257,1065.8808288333369,1420712.2778649456,174.34629821777344,81890.27786494566,1338822.0,"[2, 5, 1, 12, 9]"
0,17.0,2.0,3.0,2.0,1.0,320.0,100.0,29.0,13.830799102783203,929.6295776367188,13.976823043879884,944.2319717463869,1460239.410966815,226.13937377929688,86017.41096681486,1374222.0,"[2, 3, 1, 16, 5]"
0,15.0,3.0,3.0,3.0,1.0,240.0,100.0,28.0,14.637712478637695,1164.4136962890625,14.744151540319457,1175.0576024572388,1064390.6168176243,229.40084838867188,86244.6168176242,978146.0,"[3, 3, 1, 12, 5]"
0,20.0,2.0,3.0,2.0,1.0,140.0,120.0,29.0,13.989056587219238,1055.868896484375,14.047741302388436,1061.7373680012947,586847.1516919761,194.49024963378906,83625.15169197616,503222.0,"[2, 3, 1, 7, 6]"
0,16.0,3.0,5.0,3.0,1.0,220.0,100.0,28.0,13.90543270111084,1050.605224609375,14.015595135454703,1061.6214680437613,1101624.3434386218,215.08714294433594,85222.34343862176,1016402.0,"[3, 5, 1, 11, 5]"
0,18.0,2.0,7.0,2.0,1.0,200.0,140.0,29.0,13.961014747619629,1140.3843994140625,14.071153354025718,1151.3982600546713,1101386.0640608862,187.02432250976562,83004.06406088614,1018382.0,"[2, 7, 1, 10, 7]"
0,15.0,2.0,5.0,2.0,1.0,260.0,100.0,29.0,14.019620895385742,1062.693603515625,14.140540727734145,1074.7855867504652,1209198.3234840224,217.73280334472656,85416.32348402233,1123782.0,"[2, 5, 1, 13, 5]"
0,20.0,2.0,9.0,2.0,2.0,280.0,160.0,29.0,15.12779712677002,1509.4317626953125,15.31231794967528,1527.8838449858386,1845208.2290526107,154.12527465820312,79934.2290526108,1765274.0,"[2, 9, 2, 14, 8]"
0,19.0,2.0,4.0,2.0,1.0,240.0,140.0,29.0,14.288827896118164,1223.2940673828125,14.407643549026636,1235.1756326736597,1188156.5290847179,185.03665161132812,82834.5290847179,1105322.0,"[2, 4, 1, 12, 7]"
0,16.0,3.0,3.0,3.0,1.0,120.0,80.0,28.0,15.057196617126465,1167.6278076171875,15.102608090135346,1172.1689549180755,454114.73008880607,251.25906372070312,87688.73008880607,366426.0,"[3, 3, 1, 6, 4]"
0,16.0,5.0,5.0,5.0,1.0,180.0,140.0,26.0,14.783600807189941,1197.38720703125,14.90454449161984,1209.48157547424,1209436.8442989844,197.5750732421875,83874.84429898448,1125562.0,"[5, 5, 1, 9, 7]"
0,19.0,2.0,4.0,2.0,1.0,400.0,140.0,29.0,14.12646770477295,1165.0123291015625,14.359608382599369,1188.3263968842045,2331406.778264194,187.5048370361328,83044.77826419381,2248362.0,"[2, 4, 1, 20, 7]"
0,15.0,2.0,3.0,2.0,1.0,200.0,160.0,29.0,14.014822959899902,1028.829345703125,14.114946394118812,1038.8416891250158,1001234.3421890924,180.1781463623047,82412.34218909244,918822.0,"[2, 3, 1, 10, 8]"
0,15.0,3.0,5.0,3.0,1.0,220.0,160.0,28.0,13.748045921325684,1085.041015625,13.881009172508712,1098.3373407433028,1329632.5118302829,178.12515258789062,82230.51183028283,1247402.0,"[3, 5, 1, 11, 8]"
0,15.0,2.0,5.0,2.0,1.0,220.0,120.0,29.0,13.903008460998535,1029.7708740234375,14.007726240028044,1040.2426519263884,1047177.7902950773,193.15435791015625,83515.79029507727,963662.0,"[2, 5, 1, 11, 6]"
0,18.0,2.0,8.0,2.0,1.0,260.0,160.0,29.0,13.931970596313477,1062.036376953125,14.09508557325202,1078.3478746469793,1631149.7693854347,175.86361694335938,82027.7693854348,1549122.0,"[2, 8, 1, 13, 8]"
0,18.0,5.0,9.0,5.0,2.0,140.0,140.0,26.0,15.410649299621582,1398.62646484375,15.538141137345333,1411.375648616125,1274918.3772375039,178.7308807373047,82284.37723750387,1192634.0,"[5, 9, 2, 7, 7]"
0,20.0,2.0,5.0,2.0,2.0,180.0,180.0,29.0,14.669514656066895,1367.264404296875,14.775883547137855,1377.901293403971,1063688.9107096125,142.8329620361328,78726.91070961264,984962.0,"[2, 5, 2, 9, 9]"
0,15.0,4.0,3.0,4.0,1.0,180.0,160.0,27.0,14.525014877319336,1160.7999267578125,14.62730763637649,1171.029202663528,1022927.590571533,186.71253967285156,82977.590571533,939950.0,"[4, 3, 1, 9, 8]"
0,15.0,4.0,3.0,4.0,1.0,240.0,160.0,27.0,14.554298400878906,1152.7587890625,14.692590137581456,1166.587962732755,1382917.3670254962,192.32321166992188,83447.36702549622,1299470.0,"[4, 3, 1, 12, 8]"
0,19.0,2.0,4.0,2.0,2.0,280.0,100.0,29.0,14.361947059631348,1277.049072265625,14.48908555236769,1289.7629215392592,1271384.9273634194,202.56915283203125,84270.92736341938,1187114.0,"[2, 4, 2, 14, 5]"
0,20.0,2.0,2.0,2.0,1.0,340.0,120.0,29.0,14.65599536895752,1145.351806640625,14.816869671792524,1161.4392369241255,1608743.0283500394,223.3577423095703,85821.02835003941,1522922.0,"[2, 2, 1, 17, 6]"
0,15.0,2.0,2.0,2.0,1.0,260.0,100.0,29.0,14.719389915466309,1096.423828125,14.82290873261084,1106.775709839453,1035188.1714453008,233.80233764648438,86546.17144530074,948642.0,"[2, 2, 1, 13, 5]"
0,15.0,2.0,2.0,2.0,1.0,280.0,100.0,29.0,14.783421516418457,1153.16552734375,14.898153228980778,1164.638698599982,1147317.1256232087,242.94976806640625,87155.12562320863,1060162.0,"[2, 2, 1, 14, 5]"
0,19.0,2.0,5.0,2.0,1.0,200.0,180.0,29.0,13.701655387878418,1027.638427734375,13.81931006418517,1039.4038953650502,1176546.7630675207,167.39573669433594,81244.76306752066,1095302.0,"[2, 5, 1, 10, 9]"
0,20.0,3.0,4.0,3.0,2.0,280.0,160.0,28.0,15.30099868774414,1598.366943359375,15.46634992871855,1614.902067456816,1653512.4097440979,160.71377563476562,80598.40974409797,1572914.0,"[3, 4, 2, 14, 8]"
0,13.0,2.0,2.0,2.0,1.0,140.0,100.0,29.0,14.437212944030762,1140.750244140625,14.487261027753938,1145.7550525129425,500480.83723175863,233.98904418945312,86558.83723175866,413922.0,"[2, 2, 1, 7, 5]"
0,17.0,2.0,5.0,2.0,1.0,220.0,100.0,29.0,14.437774658203125,1218.189697265625,14.535552589586635,1227.967490403976,977779.313835098,208.3489532470703,84717.313835098,893062.0,"[2, 5, 1, 11, 5]"
0,20.0,2.0,8.0,2.0,1.0,240.0,120.0,29.0,13.758427619934082,1013.5531005859375,13.890910295106181,1026.8013681031475,1324826.751720995,200.45870971679688,84104.75172099491,1240722.0,"[2, 8, 1, 12, 6]"
0,18.0,5.0,9.0,5.0,2.0,140.0,120.0,26.0,15.198463439941406,1271.32373046875,15.319641607187766,1283.441547193386,1211781.6724635954,191.1186065673828,83347.67246359543,1128434.0,"[5, 9, 2, 7, 6]"
0,15.0,2.0,3.0,2.0,1.0,220.0,100.0,29.0,13.67258071899414,960.6849365234375,13.760521295013998,969.4789941254231,879405.7601985639,214.56475830078125,85183.76019856392,794222.0,"[2, 3, 1, 11, 5]"
0,19.0,2.0,4.0,2.0,2.0,220.0,100.0,29.0,14.330617904663086,1157.049560546875,14.423543585239722,1166.3421286045386,929256.805766358,204.0025177001953,84382.80576635798,844874.0,"[2, 4, 2, 11, 5]"
0,15.0,2.0,4.0,2.0,1.0,280.0,100.0,29.0,14.557121276855469,1151.907958984375,14.684207073183526,1164.6165386171806,1270857.9632805628,211.77310180664062,84975.96328056275,1185882.0,"[2, 4, 1, 14, 5]"
0,15.0,4.0,2.0,4.0,1.0,280.0,100.0,27.0,14.896100044250488,1170.1468505859375,15.023258425534905,1182.8626887143791,1271583.812844168,224.0455322265625,85869.81284416793,1185714.0,"[4, 2, 1, 14, 5]"
0,19.0,1.0,5.0,1.0,1.0,340.0,200.0,30.0,14.229072570800781,1267.8607177734375,14.435498086972359,1288.5032693905953,2064255.1617157783,152.5686492919922,79773.16171577836,1984482.0,"[1, 5, 1, 17, 10]"
0,15.0,2.0,3.0,2.0,2.0,280.0,100.0,29.0,15.334761619567871,1675.48046875,15.455630166281473,1687.5673234213602,1208685.4671360303,210.86087036132812,84907.46713603039,1123778.0,"[2, 3, 2, 14, 5]"
0,15.0,2.0,7.0,2.0,1.0,300.0,160.0,29.0,13.884825706481934,1128.905029296875,14.07143842448699,1147.5663010973806,1866127.1800505638,174.9506072998047,81945.18005056384,1784182.0,"[2, 7, 1, 15, 8]"
0,20.0,2.0,7.0,2.0,2.0,280.0,260.0,29.0,14.812993049621582,1555.13525390625,15.040546951781504,1577.8906441222423,2275539.021599224,127.66048431396484,76945.0215992238,2198594.0,"[2, 7, 2, 14, 13]"
0,15.0,3.0,4.0,3.0,1.0,360.0,120.0,28.0,14.293295860290527,1101.623046875,14.500330662335603,1122.3265270795075,2070348.0204507539,201.08212280273438,84154.02045075383,1986194.0,"[3, 4, 1, 18, 6]"
0,19.0,1.0,4.0,1.0,1.0,240.0,100.0,30.0,14.697174072265625,1190.328857421875,14.789985738192344,1199.610024014547,928116.6592671941,204.56712341308594,84426.65926719416,843690.0,"[1, 4, 1, 12, 5]"
0,18.0,2.0,7.0,2.0,1.0,300.0,140.0,29.0,13.931413650512695,1106.371337890625,14.108502116396352,1124.0801844789905,1770884.6588365615,185.83287048339844,82902.6588365615,1687982.0,"[2, 7, 1, 15, 7]"
0,15.0,2.0,5.0,2.0,1.0,220.0,140.0,29.0,13.716404914855957,1036.9754638671875,13.828749035687698,1048.2098759503617,1123441.2083174193,184.39263916015625,82779.20831741927,1040662.0,"[2, 5, 1, 11, 7]"
0,19.0,2.0,5.0,2.0,1.0,400.0,100.0,29.0,13.85539436340332,1006.6875,14.07724790314166,1028.872853973834,2218535.3973834026,220.73204040527344,85633.39738340235,2132902.0,"[2, 5, 1, 20, 5]"
0,15.0,4.0,4.0,4.0,1.0,280.0,120.0,27.0,14.28062629699707,1089.159423828125,14.440755442098434,1105.1723383382614,1601291.4510136296,200.46754455566406,84105.45101362957,1517186.0,"[4, 4, 1, 14, 6]"
0,19.0,4.0,9.0,4.0,1.0,260.0,140.0,27.0,14.427484512329102,1293.579833984375,14.640011914372675,1314.8325741887325,2125274.020435739,185.8956756591797,82908.02043573889,2042366.0,"[4, 9, 1, 13, 7]"
0,20.0,2.0,10.0,2.0,1.0,240.0,120.0,29.0,14.282835006713867,1145.951416015625,14.426051940272737,1160.273109371512,1432169.3355886964,194.76235961914062,83647.33558869643,1348522.0,"[2, 10, 1, 12, 6]"
0,20.0,2.0,5.0,2.0,1.0,120.0,120.0,29.0,14.363067626953125,1103.468017578125,14.419751098172755,1109.136364700088,566834.7121963017,198.7974853515625,83972.71219630168,482862.0,"[2, 5, 1, 6, 6]"
0,17.0,4.0,4.0,4.0,2.0,240.0,120.0,27.0,14.377294540405273,1389.4892578125,14.509845272882709,1402.7443310602434,1325507.324774347,186.8977813720703,82993.32477434695,1242514.0,"[4, 4, 2, 12, 6]"
0,15.0,2.0,2.0,2.0,1.0,240.0,120.0,29.0,14.56336784362793,1208.7664794921875,14.66368011403464,1218.7977065328585,1003122.7040671037,223.0718231201172,85800.70406710364,917322.0,"[2, 2, 1, 12, 6]"
0,15.0,2.0,4.0,2.0,1.0,340.0,180.0,29.0,13.699166297912598,1023.4212646484375,13.90568789421195,1044.0734242783726,2065215.962993522,174.3867950439453,81893.96299352204,1983322.0,"[2, 4, 1, 17, 9]"
0,15.0,2.0,1.0,2.0,1.0,260.0,140.0,29.0,15.045065879821777,1194.648193359375,15.158803819239713,1206.0219873011686,1137379.3941793628,236.3389892578125,86717.39417936272,1050662.0,"[2, 1, 1, 13, 7]"
0,15.0,2.0,4.0,2.0,1.0,220.0,100.0,29.0,14.150729179382324,1056.9105224609375,14.243605871498755,1066.1981916725806,928766.92116431,213.77056884765625,85124.92116430998,843642.0,"[2, 4, 1, 11, 5]"
0,19.0,2.0,4.0,2.0,1.0,240.0,100.0,29.0,14.404182434082031,1142.312744140625,14.507796900044736,1152.6741907368955,1036144.6596270561,209.73684692382812,84822.6596270561,951322.0,"[2, 4, 1, 12, 5]"
0,17.0,4.0,5.0,4.0,1.0,100.0,100.0,27.0,15.029642105102539,1197.63671875,15.084936040794304,1203.1661123191764,552939.3569176464,228.14273071289062,86157.35691764638,466782.0,"[4, 5, 1, 5, 5]"
0,15.0,4.0,3.0,4.0,1.0,280.0,140.0,27.0,14.060224533081055,1079.5418701171875,14.216460791478681,1095.1654959569503,1562362.583976268,201.82566833496094,84212.58397626806,1478150.0,"[4, 3, 1, 14, 7]"
0,20.0,2.0,7.0,2.0,2.0,120.0,120.0,29.0,14.303467750549316,1354.6431884765625,14.365702280745142,1360.866641496145,622345.3019582485,176.79190063476562,82111.3019582485,540234.0,"[2, 7, 2, 6, 6]"
0,15.0,2.0,4.0,2.0,1.0,220.0,120.0,29.0,14.27265739440918,1159.9169921875,14.372439001587843,1169.8951529053663,997816.071786626,193.86514282226562,83574.07178662597,914242.0,"[2, 4, 1, 11, 6]"
0,14.0,2.0,2.0,2.0,1.0,220.0,100.0,29.0,14.506573677062988,1130.308349609375,14.589713167226364,1138.6222986257126,831394.90163375,234.49192810058594,86592.90163374995,744802.0,"[2, 2, 1, 11, 5]"
0,20.0,1.0,7.0,1.0,2.0,180.0,180.0,30.0,15.486895561218262,1862.421142578125,15.587129454258813,1872.4445318821802,1002338.9304055161,133.31689453125,77632.93040551608,924706.0,"[1, 7, 2, 9, 9]"
0,20.0,2.0,7.0,2.0,2.0,240.0,180.0,29.0,14.21245288848877,1336.6595458984375,14.365401350443456,1351.9543920939063,1529484.619546872,150.2542266845703,79530.61954687198,1449954.0,"[2, 7, 2, 12, 9]"
0,14.0,4.0,3.0,4.0,2.0,140.0,140.0,27.0,14.962681770324707,1295.7904052734375,15.037309348804959,1303.2531631214626,746275.7848025117,191.0958709716797,83345.7848025117,662930.0,"[4, 3, 2, 7, 7]"
0,15.0,4.0,4.0,4.0,2.0,260.0,180.0,27.0,14.336007118225098,1260.4427490234375,14.508809791140663,1277.723016314994,1728026.7291556664,163.92919921875,80912.72915566633,1647114.0,"[4, 4, 2, 13, 9]"
0,20.0,2.0,7.0,2.0,2.0,220.0,220.0,29.0,14.502059936523438,1308.5272216796875,14.661340501046322,1324.455278131976,1592805.6452288432,136.19342041015625,77971.64522884319,1514834.0,"[2, 7, 2, 11, 11]"
0,14.0,4.0,2.0,4.0,1.0,320.0,220.0,27.0,14.501937866210938,1140.0914306640625,14.716303862283514,1161.5280302713202,2143659.9607257578,177.62571716308594,82185.96072575782,2061474.0,"[4, 2, 1, 16, 11]"
0,20.0,3.0,8.0,3.0,2.0,380.0,180.0,28.0,14.588949203491211,1307.62939453125,14.896413385305724,1338.3758127127014,3074641.8181451377,148.72044372558594,79367.81814513777,2995274.0,"[3, 8, 2, 19, 9]"
0,20.0,4.0,9.0,4.0,2.0,360.0,200.0,27.0,14.45410442352295,1369.8018798828125,14.80204585368088,1404.5960228986055,3479414.301579303,141.87649536132812,78620.30157930293,3400794.0,"[4, 9, 2, 18, 10]"
0,15.0,2.0,2.0,2.0,1.0,140.0,140.0,29.0,14.242020606994629,1087.51171875,14.304043683649608,1093.7140264154978,620230.7665497845,203.0528106689453,84308.76654978443,535922.0,"[2, 2, 1, 7, 7]"
0,18.0,2.0,6.0,2.0,1.0,160.0,160.0,29.0,13.799678802490234,1060.140869140625,13.891224496189876,1069.2954385105893,915456.936996423,178.84986877441406,82294.9369964231,833162.0,"[2, 6, 1, 8, 8]"
0,17.0,4.0,5.0,4.0,1.0,220.0,80.0,27.0,14.95109748840332,1221.81591796875,15.067404077873007,1233.4465769157187,1163065.8946968664,248.662353515625,87523.89469686631,1075542.0,"[4, 5, 1, 11, 4]"
0,15.0,2.0,2.0,2.0,1.0,160.0,160.0,29.0,14.83780574798584,1263.6806640625,14.915102383163195,1271.4103275802356,772966.351773552,195.7100067138672,83724.35177355201,689242.0,"[2, 2, 1, 8, 8]"
0,15.0,2.0,3.0,2.0,1.0,100.0,100.0,29.0,13.980607986450195,990.1922607421875,14.020193516879091,994.1508137850772,395855.3042889625,232.14512634277344,86433.30428896249,309422.0,"[2, 3, 1, 5, 5]"
0,18.0,2.0,10.0,2.0,1.0,100.0,100.0,29.0,15.100447654724121,1240.4945068359375,15.15567921998139,1246.0176633616645,552315.652572696,213.61880493164062,85113.65257269602,467202.0,"[2, 10, 1, 5, 5]"
0,19.0,2.0,4.0,2.0,2.0,200.0,120.0,29.0,14.468664169311523,1350.1983642578125,14.558013140545288,1359.133261381189,893489.7123376391,181.12734985351562,82495.7123376391,810994.0,"[2, 4, 2, 10, 6]"
0,17.0,4.0,9.0,4.0,1.0,260.0,120.0,27.0,14.403172492980957,1118.29345703125,14.607452240263786,1138.721431759533,2042797.4728282946,197.03575134277344,83831.47282829459,1958966.0,"[4, 9, 1, 13, 6]"
0,19.0,2.0,10.0,2.0,1.0,240.0,100.0,29.0,14.107766151428223,1118.1829833984375,14.243701877803899,1131.776556036005,1359357.2637567606,207.2743377685547,84635.2637567606,1274722.0,"[2, 10, 1, 12, 5]"
0,15.0,2.0,5.0,2.0,1.0,120.0,100.0,29.0,13.88056468963623,989.4469604492188,13.931913284488578,994.5818199344536,513485.94852348574,215.10890197753906,85223.94852348576,428262.0,"[2, 5, 1, 6, 5]"
0,15.0,2.0,3.0,2.0,1.0,100.0,100.0,29.0,13.980607986450195,990.1922607421875,14.020193516879091,994.1508137850772,395855.3042889625,232.14512634277344,86433.30428896249,309422.0,"[2, 3, 1, 5, 5]"
